text_id,div_name,heading,segment_text,Zuschreibung der Vorschrift,Philosophische Vorbetrachtung,Datierung der Probenahme,Ort der Probenahme,Art der Erde,Art der Probenahme,Aufteilung der Erde,Fundort der Erde,Imprägnation der Erde,Extraktion,Eindampfen,Bezeichnung des ausgelaugten Salzes,Weiterverarbeitung Erdsalz,Weiterverarbeitung der Mischung von Spiritus und Sal volatile,Sal Volatile extra gewinnen,Extraktion Sal Fixum,Nasser und trockener Weg,Zusammenfügung von zwei Prinzipien,Zusammenfügung der drei Prinzipien,Bezeichnung des Lösungsmittels,Salz mit Gold und Silber zusammenschmelzen,Auflösung von Gold,Beschreibung des Athanors,Erzeugung des Rubinkorns,Bezeichnung des Rubinkorns,Weiterer Syntheseschritt,Zwischenanalyse,Multiplikation,Fermentation,Projection
g1a1,A1 Höchster Schatz und Kleinod der Welt,[Start of Document],,N/A,N/A,N/A,N/A,N/A,N/A,N/A,N/A,N/A,N/A,N/A,N/A,N/A,N/A,N/A,N/A,N/A,N/A,N/A,N/A,N/A,N/A,N/A,N/A,N/A,N/A,N/A,N/A,N/A,N/A
g1a1,A1 Höchster Schatz und Kleinod der Welt,A1 Höchster Schatz und Kleinod der Welt,1,N/A,N/A,N/A,N/A,N/A,N/A,N/A,N/A,N/A,N/A,N/A,N/A,N/A,N/A,N/A,N/A,N/A,N/A,N/A,N/A,N/A,N/A,N/A,N/A,N/A,N/A,N/A,N/A,N/A,N/A
g1a1,A1 Höchster Schatz und Kleinod der Welt,A.,,N/A,N/A,N/A,N/A,N/A,N/A,N/A,N/A,N/A,N/A,N/A,N/A,N/A,N/A,N/A,N/A,N/A,N/A,N/A,N/A,N/A,N/A,N/A,N/A,N/A,N/A,N/A,N/A,N/A,N/A
g1a1,A1 Höchster Schatz und Kleinod der Welt,"Höchster Schatz und Kleinod der Welt Den gerechten und wahrhaften Lapidem philosophorum
            oder Tincturam universalem, medicinalem et metallurgicam ex regno universalissimo zu
            machen.",,N/A,N/A,N/A,N/A,N/A,N/A,N/A,N/A,N/A,N/A,N/A,N/A,N/A,N/A,N/A,N/A,N/A,N/A,N/A,N/A,N/A,N/A,N/A,N/A,N/A,N/A,N/A,N/A,N/A,N/A
g1a1,A1 Höchster Schatz und Kleinod der Welt,"Vorarbeit oder Praeparatio Salis terrae, seu nitri nostri philosophorum, e terra
            Virginea.","Im Monath May, wenn der Himmel gantz klar, hell
        und rein, auch das Gewitter gantz still, ohne einigen Wind und Regen, auch die Lufft voll
        lieblichen Geruchs ist, daß gleichsam die Luft, wenn mann darein sieht, von feinen lieblichen
        und schwüligen Dämpfen brodent oder rauchet, soll mann morgensfrüh bey Sonnen-Aufgang, auf
        eine schöne Wiese gehen, die eine gute, fette schwartze, viel beßer aber roth oder gelbe
        Bullarische das ist balligte Erden hat, oder die leimigt ist, und sonsten gleichfalls von
        Natur von allerhand wohlriechenden Blumen zu tragen pfleget, darauf soll mann etliche große
        weit und runde Graben machen, und in die Weite und Länge ohngefähr 5 oder 4 Maßruthen breit
        graben laßen, bis an die Knie tief, das Gras und die Wurtzeln aber müßen vorhero alle daraus
        abgesondert werden und kann mann solches mit den Wasen erstlich stück weis mit einem
        Grabscheid ausstechen, hernach die Grube mit anderer Erde und etwas Mist wieder zu füllen,
        oder als denn den Wasen wieder darauf setzen, so giebt die ausgegrabene Erde der Wiese ein
        geringsten kleinen Schaden  Wenn nun die Wurtzeln, und all das Gras gantz oben darvon gethan, soll
        mann etliche Zentner als etwan 20-24 solcher guten Erden ausgraben die nicht steinigt ist, und
        solche auf den Wiesen oder an einen andern Orth nahe dabey fein von einander ausbreiten, damit
        das Gestirn und der Himmel wohl darin würcken können. Diese Erde soll man also 14 Tage und
        Nächte im Wetter liegen laßen. Sollte aber etwan ein Regen einfallen muß die Erde nothwendig
        mit Stroh und grünem Holtz, Holtzreisig, gantz wohl und viel gedeckt werden solange, bis der
        Regen vorbey und sich das Wetter fein hell ausgekläret hatt. Nach verfloßenen 14 Tagen, wenn die Erde von der Luft und dem Himmel wohl durch witttert,
        soll man die erde wegführen laßen, und bis zum Gebrauch in reinen und höltzernen Fäßern oder
        wannen, wie die Salpeter Sieder haben, verwahren NB Die Fäßer müßen
        unten 2 quer Händ hoch mit stell höltzern belegt, und mit Zapflöchern versehen seyn als denn
        auf die Stell höltzer eine quer Hand hoch rein gersten Stroh gelegt, und solches fest auf
        einander gedrückt, denn eine Quantität der gesammlten Erden darauf gelegt, und hart auf
        einander gedrückt, darnach so viel rein kalt Waßer darauf gegoßen, als ohngefähr darzu nöthig
        ist und die Quantität der Erden erfordert, laßet es 24 Stunden darauf stehen, daß es das reine
        Saltz aus der Erden an sich ziehe, darauf laßet es unten durch das Zapfen-Loch fein sachte, in
        ein untergesetztes hölzernes Geschir abtreuflen gleichwie man sonsten gepflegt Laugen zu
        machen, und nachdem solcher Erden Laugen, eine gute Quantität gesammlet und gemacht hat, so
        laßet deroselben eine ziemliche Menge in einen eingemauerten kupfernen Keßel, mehr als über
        die Hälfte 2",N/A,N/A,Mai; klarer Himmel; kein Wind; kein Regen; früh morgens; bei Sonnenaufgang;,schöne Wiese; Wiese mit Blumen;,fette schwarze Erde; rote Erde; gelbe Erde; lehmig; bolarisch;,knietief; ohne Gras; ohne Wurzeln; ohne Steine; 20-24 Zentner;,N/A,N/A,Erde ausbreiten; 14 Tage; Einwirkung von Gestirn und Himmel; bei Regen abdecken;,Holzfass; wie Salpetersieder; Fass mit Stellhölzern; Fass mit Zapflöchern; Stroh auf die Stellhölzer; kaltes Wasser; 24 Stunden stehen lassen;,Kupferkessel; Sieden; Eindampfen bis 50 Prozent; nach Eindampfen wieder Auffüllen; Wiederholung 8-10 Mal; Nach Einsieden stehen lassen; Salz kristallisiert aus; Salz wird gereinigt;,N/A,N/A,N/A,N/A,N/A,N/A,N/A,N/A,N/A,N/A,N/A,N/A,N/A,N/A,N/A,N/A,N/A,N/A,N/A
g1a1,A1 Höchster Schatz und Kleinod der Welt,B.,"einsieden gießet den Keßel wieder voll von solcher Lauge, und laßet es
        abermahl einsieden bis über die Hälfte, solches wiederholet 8,9 oder 10 mahl, eingesotten, und
        so etwan der Keßel noch halb voll ist, gießet die fast eingesotten Laugen, in einen andern
        kupfern Keßel, so in eine frischen Erden eingesetzt ist, und lasset die Laugen also etliche
        Tage unbeweglich stehen so wächset ein saltz im Keßel an, wie ein Vitriol, aber es brennet
        nicht, wie das gemeine Nitrum Daßelbe muß man mit solviren, filtrieren, anschießen und
        coagulieren in einem warmen Waßer, so oftmahls reinigen und läutern, bis es gantz schön,
        durchsichtig, rein und crystallisch wird. Das heist denn hernach, das Sal
            terrae virgineum und Nitrum philosophicum, welches in dem Meer der Welt schwebet, das
        Waßer welches die Hand nicht naß macht, ohne welche nichts in der gantzen welt gebohren, oder
        gezeugt werden kann. Nun
        hat man Gottlob die Materia in Händen, so das hohe Secretum philosophorum in sich heltet.
        Dieses unser Sal naturae oder terrae, ob es wohl dem ansehen nach nur eines zu seyn scheinet,
        so hat es doch 3 unterschiedliche Salia in sich, denn vor sich selbsten ist es erstlich unser philosophisches saltz Nitri naturae et terrae,
        darinnen der Spiritus mundi häuffig stecket, nicht gar flüßig und nicht gar fix, sondern hat
        eine Mittel-Natur; Vor das andern hat es in sich ein Sal armoniacum,
        oder volatile, drittens steckt auch in ihm ein Sal alcali oder Sal fixum, also ist es
        dreyeinnig, und imitiret in diesem Punckt, dem allerhöchsten Schöpfer nach.",N/A,N/A,N/A,N/A,N/A,N/A,N/A,N/A,N/A,N/A,N/A,"Sal Terrae Virgineum; Nitrum Philosophicum; Wasser, dass die Hände nicht netzt;",N/A,N/A,N/A,N/A,N/A,N/A,N/A,N/A,N/A,N/A,N/A,N/A,N/A,N/A,N/A,N/A,N/A,N/A
g1a1,A1 Höchster Schatz und Kleinod der Welt,Praeparatio.,,N/A,N/A,N/A,N/A,N/A,N/A,N/A,N/A,N/A,N/A,N/A,N/A,N/A,N/A,N/A,N/A,N/A,N/A,N/A,N/A,N/A,N/A,N/A,N/A,N/A,N/A,N/A,N/A,N/A,N/A
g1a1,A1 Höchster Schatz und Kleinod der Welt,Spiritus universalis et Salis volatilis armoniaci e Sale nostro Nitri et Terrae,"Nehmet von dem obigen praeparierten schönen Saltz, oder weisen Erden Saltz 1 lb stoßet es
        klein wie Meel, in einen reinen Glas-Mörser und mischt darunter 2 lb seiner eigenen Erden,
        daraus das Saltz anfänglich heraus gezogen, und die Laugen, gemacht worden ist, so eine todte
        Erde, (dieselbe Erde aber muß [Mariginalie: NB] zuvor, nachdem sie von allen Salz mit dem
        kalten Waßer gäntzlich ausgelauget, in einen Häfners-Ofen; wenn er Töpfe brennt wohl
        ausgeglüet seyn) nochmahls mit Regenwaßer die Mixtur ein wenig befeuchtet, und daraus runde
        Kugeln in der Größe wie Schmiß-Kugeln da die Kinder mit spielen, formirt werden, lasset sie
        alle gemagsam trocknen, als denn 4 Wochen lang bey schönen hellen und fruchtbahr lieblichen
        Wetter, an der Luft auf Bretter fein ordentlich hoch in die Höh gesetzt, so neben her mit
        Leisten beschlagen, damit keine Küglein abfallen können. Die Bretter mit denen Kugeln aber
        müßen unter einem Dache stehen, damit kein Regen darauf fallen kann, so werden die Kugeln von
        der Luft angeschwängert, und sich der Universal Geist noch mehr und mehr auch häuffiger darein
        ziehen kann. Nach verfloßener Zeit einen Theil davon genommen und eine Erde mit luto wohl
        beschlagen Retorte auf die Hälfte damit angefüllt, eine große Vorlage, oder gläsernen starcken
        und reinen Recipienten gantz fest und wohl dafür lutiert, in welchem aber
            vorhero ein Maas rein distilliertes Regenwaßer soll eingethan seyn, damit sie der spiritus
            desto beßer darein fangen möge , als denn, wenn alles wohl trocken worden per Gradus
        feuer [Mariginalie: NB] gegeben 3",N/A,N/A,N/A,N/A,N/A,N/A,N/A,N/A,N/A,N/A,N/A,N/A,ausgelaugte Erde calcinieren; Erdsalz und calcinierte Erde vermischen; Verhältnis Erdsalz zu Erde 1:2; mit etwas Regenwasser; Kugeln herstellen; Kugeln an Luft imprägnieren lassen; 4 Wochen imprägnieren; Mischung in Retorte geben; Retorte zu 50 Prozent gefüllt; in Vorlage Wasser; 1 Maß Wasser; destilliertes Regenwasser; per Gradus destillieren; Spiritus geht über; Sal volatile geht über; Spiritus und Sal volatile vermischen; vermischter Spiritus und Sal volatile in Gefäß gut verschlossen; Mischung aus Spiritus und Sal volatile kühl lagern;,N/A,N/A,N/A,N/A,N/A,N/A,N/A,N/A,N/A,N/A,N/A,N/A,N/A,N/A,N/A,N/A,N/A
g1a1,A1 Höchster Schatz und Kleinod der Welt,C.,"gleich wie mann sonsten gemein Spiritum
        Salis brennet Erstlich etliche Stunden gelind, hernach etwas stärcker zuletzt wann der
        Spiritus alle herüber, mit sehr starken Feuer getrieben, so sublimieret sich ein sehr
        flüchtiges Saltz, theils in die Vorlage, und theils in dem Hals der Retorten, nach geendigter
        distillation, läßet mann die Geschirre erkalten, als denn selbige geöffnet und abgenommen.
        [Mariginalie: NB] Den Spiritum und das Sal volatile gieset mann zusammen, und waschet solches
        rein aus, in einem andern reinen großen Recipienten, und verdahet es wohl miteinander, sehr
        vest verlutiert und zugebunden, in ein kühlen Keller, bis mann deßen mehr über kommt
        aufgehoben. Nun nehmet wieder von den Erdten-Küglein eine gute Quantität, und destillieret es
        auf vorige Weise wie, das erste mahl geschehen, also 3, 4 – 6 mahl, bis der gantze Vorrath
        denen Küglein völlig wie das erste mahl ver distilliert. Alsdenn alle Spiritus und Salia
        volatila zu den ersten aufgehoben, und die geschirre wohl ausgespiehlt, damit die Salia und
        Spiritus sauber heraus kommen, und wohl verlutierter in einem kühlen Keller bis zum Gebrauch
        verwahret. NB NB. Nota mann nimmt zu einer jeden Destillation nicht
        mehr als 1 lb Erden-Saltz, und 3 lb ausgebrannte Erde, wenn die Retorten nicht groß genug ist.
        Die Retorte muß allezeit ledig bleiben bis auf die Hälfte so sie aber gros, so thut mann
        doppelt so viel an Gewicht der Kugeln darin. Auf einen jeden Bret kann mann allmahl eine
        gewiße Abtheilung der Kugeln legen, als zu einen Brand nöthig ist; derowegen gut, daß alles
        Saltz soviel deßen ein Vorrath mit der aus gebrannten Erden, zu Kugeln zu machen und in der
        Luft zu schwängern. Den Spiritum und Sal volatile nehmet, und füllet damit einen starcken Glaß-Kolben auf die
        Helfte an, lutirt einen guten Helm darauf, und ordnet den kolben als denn in ein Balneum
        mariae, separieret per destillationem die Phlegmata davon, hernach setzet den Kolben in eine
        Aschen oder Sand Capellen [Mariginalie: NB] und ziehet den Spiritum auch besonders herüber in
        eine reine Vorlage, so wohl und fest davor lutirt, daß nichts mehr darinnen zurück bleibet,
        als das Sal volatile armoniacum, solchem Sal volatili gebet als dann starckes Feuer, so hübet
        sich daßelbe in die höhe in cineribus vel arena, und steiget auf in dem Helm. Solches
        Sublimiren wiederhole 6 mahl in frischen reinen Kolben-Gläsernen allezeit die Feces aber davon
        gethan, bis das volatilische Salz, schön und weis wie ein Schnee aufgestiegen ist, in den
        Helm, und keine Feces mehr in Fundo des Kolben-Glases zurück bleiben. [Mariginalie: NB.NB]
        Alsdann solche wohlverbunden, mit Wachs-Talg ein und doppelten Blasen in einem starcken Glaß
        verwahret in loco calido, bis mann deßen mehr überkommet; mit denen übrigen Spiritu et Sale
        machet mann es eben also, wie mit den vorigen procedirt. Der Spiritum nehmlich im kühlen
        Keller aufbehalten, das Saltz hingegen an einem warmen Orth. Den zusammen gegoßenen und von
        dem Sale separierten Spiritum rectificirt mann in Cineribus vel arenas 6 mahl per alembicum,
        damit er fein suptil und von allen phlegmate erledigt wird, alsdenn demselben sehr wohl
        verbunden, verdahet in einem großen und starcken Glaß, daß nur die Hälfte damit angefüllt
        seyn, sonsten zersprengen die Spiritus das Glas gar leichtlich, wo sie nicht Raum genug haben,
        und das Glas in loco frigido aufgehoben bis zum Gebrauch. 4",N/A,N/A,N/A,N/A,N/A,N/A,N/A,N/A,N/A,N/A,N/A,N/A,N/A,Spiritus und Sal volatile in Retorte; Retorte = Glaskolben; Retorte 50 Prozent gefüllt; 1. Retorte in Wasserbad; im Wasserbad Phlegma abtrennen; 2. Retorte in Aschebad oder Sandbad; 2.1. Spiritus abdestillieren; 2.2. Sal Volatile übersublimieren; 3.1. wiederholtes Übersublimieren des Sal Volatile; in Aschebad oder Sandbad; 3.2. wiederholtes Rektifizieren des Spiritus; in Aschebad oder Sandbad; Spiritus kühl lagern; Sal Volatile warm lagern;,N/A,N/A,N/A,N/A,N/A,N/A,N/A,N/A,N/A,N/A,N/A,N/A,N/A,N/A,N/A,N/A
g1a1,A1 Höchster Schatz und Kleinod der Welt,D.,,N/A,N/A,N/A,N/A,N/A,N/A,N/A,N/A,N/A,N/A,N/A,N/A,N/A,N/A,N/A,N/A,N/A,N/A,N/A,N/A,N/A,N/A,N/A,N/A,N/A,N/A,N/A,N/A,N/A,N/A
g1a1,A1 Höchster Schatz und Kleinod der Welt,Praeparatio Salis Fixi,"Nun muß man nehmen alle Capita mortua von allen Bränden, solche noch einmahl calcinieren
        mit sehr starcken feuer, in einem Töpfer oder Ziegler Ofen, jedoch aber, daß sie nicht
        vitrixieren, oder zusammen schmeltzen, etwa in ein Glas. [Mariginalie: NB.] Alsdann selbigen
        klein gestoßen, und mit destillierten RegenWaßer das sal fixum
        daraus ziehen, hernach solches auf das allerhöchste reinigen, mit oftmahligen solviren,
        filtrieren und coaguliren und anschiesen, bis es schön weishell, rein und durchsichtig worden
        ist, wie ein schöner geläuterter Salpeter, und in der letzten Solution keine feces mehr zurück
        läßet, dann ist es pur und rein, das verwahret alsdann gleichfalls in einem reinem Glaß,
        wohlverbunden in loco calido bis zum Gebrauch. Nun folget die
            Zusammenfügung unserer 3 Prinzipien und verschiedenen Dingen   Bisher haben wir, Leib, Seel und Geist unseres gebendeytesten Steines von einander
        geschieden, und ein jedes absonderlich so hoch als es möglich durch die Kunst von allen
        Unreinigkeiten und Anfang des Fluchs gereiniget; jetzo wollen nun solche 3 gereinigte Stücke
        wieder zusammensetzen, und in ein andres Corpus bringen. Nehmet derowegen in dem Nahmen des
        Herrn Euer flüchtig und fixes Saltz, so viel mann dessen alle zusammen
            eingefangen , reibt es in einem reinem Glas-Mörscher zum subtilen Pulver, thut es in
        ein hoch und weites Kolben-Glaß, und gießet alles einseln und ja nicht hauffen weis (welches
        sonsten großen Schaden brächte, und Gefahr in deme das Glas zerspringen thäte) hinein, den
        gereinigten Spiritum mundi universalem, et Sale nitri nostri alle nach einander darüber,
        setzet es den wohl vermacht und verlutirt in eine gelinde Digestion etliche 8 Täge , so werden sich solche gereinigten Principia gar lieblich mit einander
        vereinigen, und alle 3 zu einem köstlichen Philosophischen Waßer werden, und wäre es Salz, daß
        es noch einige feces oder weislichte Terram zu Boden fallen läßt, so separiret selbige per
        Filtrationem darvon, und freuet euch in den Herzen und dancket Gott, wann ihr es soweit
        gebracht habt. Den jetzt habt ihr den wahren rechten Hauptschlüssel in Händen, mit welchen ihr
        alle verschloßene Thür und Thore aller Metallen, Mineralien, Edelgesteinen und Perlen
        aufschließen, und in das allerfeinste fünfte wesen bringen könnet. Den dieses Waßer ist
        wahrhafftig das wahre Menstruum universale, das rechte Waßer des Lebens, mit dem sich alle
        Metalle vereinigen, wie Waßer mit Waßer, in sonderheit aber das Gold und Silber, welche sich
        darinnen verjüngen, wie ein Adler, und gantz neu und kräftiger werden auch herrlicher wieder,
        auferstehen pp. Es ist die rechte Fontina darinnen sie sich alle, in sonderheit aber der
        König, zwar baden waschen und reinigen, doch wieder viel herrlicher 5",N/A,N/A,N/A,N/A,N/A,N/A,N/A,N/A,N/A,N/A,N/A,N/A,N/A,N/A,N/A,"bereits verwendete Kugeln calcinieren; calcinierte Kugeln zermörsern; Extraktion mit Wasser; destilliertes Regenwasser; Extrakt reinigen; Reinigen mit mehrmaligem Lösen, Filtrieren, Koagulieren und Auskristallisieren; Sal Fixum warm lagern;",Nein;,N/A,"Sal Volatile im Mörser fein reiben; Sal Fixum im Mörser fein reiben; Sal Volatile, Sal Fixum und Spiritus zusammengeben; Mischung digerieren; Digestion 8 Tage; Filtration;",der wahre rechte Hauptschlüssel; Menstruum Universale; das rechte Wasser des Lebens; die rechte Fontina; das Bad der Wiedergeburt; philosophisches Mercurialwasser;,N/A,N/A,N/A,N/A,N/A,N/A,N/A,N/A,N/A,N/A
g1a1,A1 Höchster Schatz und Kleinod der Welt,E.,"herauskommen, als sie hinein gegangen. Es ist das Bad ihrer
        Wiedergeburth, ihre rechte prima materia. pp",N/A,N/A,N/A,N/A,N/A,N/A,N/A,N/A,N/A,N/A,N/A,N/A,N/A,N/A,N/A,N/A,N/A,N/A,N/A,N/A,N/A,N/A,N/A,N/A,N/A,N/A,N/A,N/A,N/A,N/A
g1a1,A1 Höchster Schatz und Kleinod der Welt,Nach Arbeith:,,N/A,N/A,N/A,N/A,N/A,N/A,N/A,N/A,N/A,N/A,N/A,N/A,N/A,N/A,N/A,N/A,N/A,N/A,N/A,N/A,N/A,N/A,N/A,N/A,N/A,N/A,N/A,N/A,N/A,N/A
g1a1,A1 Höchster Schatz und Kleinod der Welt,Die Zusammensetzung des Goldes und Unsers philosophischen Waßers.,"Nehmet klein gefeilet fein Gold, so auf das allerhöchste fixiret, und
            6 oder 7 mahl durch das Antimonium gegoßen , welches dann auch gantz gescheidig unter
        dem Hammer seyn muß Einen Theil, als nehmlich 1 Loth und unsers philosophischen Mercurial
        Waßers 10 Theile oder Loth, thuet es zusammen in einen erdnen Scheidkolben ; setzet es 1 Tag und Nacht auf warmen Aschen, so wird das Waßer das Gold
        von Stund an gantz lieblich und natürlich auflösen, und darinnen so zergehen, gelind auf der
        Aschen wie Eys in warmen Waßer Sine Strepitu et eoniusione, als dann laßet es noch einen Tag
        und Nacht also auf linder wärme stehen und scheiden, alsdenn mit gar gelinden Abgiesen die
        Erden, so sich etwann auf den Grund unten gesetzt darvon; das andere Solutum aber gieset in
        ein rein starckes Phiol-Gläslein, daß aber 2 Theile davon leer verbleiben, verschmeltzt es auf
        das beste und setzt es als dann im Nahmen des Herrn in den dazu gehörigen Athanor oder
        Destillir-Ofen und gebet ihm erstlich ein gelindes vaporisches leuchtes Dampffeuer, so lange
        die putrefaction, oder schwärtze währt, welches gemeiniglich zwischen; 40-50 tagen sich ereignet, und geschiehet. [Mariginalie: NB]  Als denn setzet es in Aschen, gebet ihm ein wenig stärcker feuer, daß das Glas so warm
        seye, als die sonne mitten im Sommer, so werden sich die folgenden 50 Tage über allerhand farben sehen laßen. [Mariginalie: NB] Hernach
        setzet es im Sande so tief, daß es oben eines guten Thalers breit blos stehe, so werdet ihr
        abermahlen in 50 tagen den hellen Philosophischen Mondschein, oder
        die Edle schöne Dianam, in einen schnee weisen silber stück zu sehen bekommen, laßet euch aber
        solche der Diana ihre wunderbahre Schönheit nicht zu sehr gefallen, und halt mit den Laboribus
        nicht ein, sondern consumiret Eure gradum ignis, so wird in dem Glas die Materia in 30 tagen
        alle gelb werden, alsden vergrabet das Glas gantz hinnunter in dem Sand, und gebet ihm ein
        ziemlich, starck feuer so wird es in 40 Tagen gantz roth werden, und in der Mitten ein
        hellleuchtendes Blutrothes Rubin-Korn liegen. Das ist der Rechte König des Reichthumbs und der
        Gesundheit. Dieses schöne rothe Korn, nehmet nun heraus, und sondert es von dem rothen Pulver,
        als seinem excremento ab, denn solche seynd in seiner allerreinigsten Wurtzel gesteckt, und
        hat sie die Kunst und der philosophische Vulcanus vermittelst dieser Natur in dieser
        Nach-Arbeith per minima darvon geschieden.  Nun habt ihr allhier Augenscheinlich
        zusehen, daß es nicht alles lauter Tinctur wird, was mann in der Nach-Arbeith einsetzet
        sondern die vollständige Natur scheidet nur 6 F. das allerreinste
        Quintum esse darvon und läßet die Feces und Sulphura Heterogenea liegen. Solches thut mann
        hinweg, und hebet die zur Medicin auf, das neue Körnlein aber verwahret als einen hoch theuren
        Königlichen Schatz, denn es ist das wahrhaffte 5ten esse und Semen auri, das wahre tingirende
        Gold-Körnlein mit welchem nun unaussprechliches Secretum der Gesundheit und des reichtumbs
        vermittelst oft wiederholter imbibition congulation zu erkennen und zu erlangen die Feces
        seynd auch zu etlichen Scheidungen im Feuer zu gebrauchen.",N/A,N/A,N/A,N/A,N/A,N/A,N/A,N/A,N/A,N/A,N/A,N/A,N/A,N/A,N/A,N/A,N/A,N/A,N/A,N/A,N/A,Qualität des Goldes; klein gefeiltes Gold; hochreines Gold; durch Antimon gegossen; 6-7 mal durch Antimon gegossen; Verhältnis Gold : Menstruum Universale 1 : 10; 1 Lot : 10 Lot; Gold und Menstruum Universale in Kolben; Keramikkolben; Kolben in Aschebad; 24 Stunden im Aschebad; Gold löst sich auf; Abgießen; Goldlösung in Phiole überführen; Phiole zu zwei Drittel leer; Phiole zuschmelzen;,N/A,gefüllte Phiole in Athanor; 1. Phiole in Wasserdampf; 1a. 40-50 Tage im Wasserdampf; 1b. im Wasserdampf Putrefaction; 2. Phiole in Aschebad; 2a: 50 Tage im Aschebad; 2b: im Aschebad Pfauenschwanz; 3. Phiole in halben Sandbad; 3a: Phiole schaut aus Sand heraus; 3b: 50 Tage im halben Sandbad; 3c: zuerst im halben Sandbad Weiß; 3d: weitere 30 Tage im halben Sandbad; 3e: im halben Sandbad jetzt Gelb; 4: Phiole komplett im Sandbad; 4a: 40 Tage im kompletten Sandbad; 4b: im kompletten Sandbad Rot; 4c: im kompletten Sandbad in der Mitte Rubinkorn; 4d: im kompletten Sandbad außen rotes Pulver; 5: rotes Rubinkorn entnehmen;,der rechte König des Reichtums und der Gesundheit; Goldsamen;,N/A,N/A,N/A,N/A,N/A
g1a1,A1 Höchster Schatz und Kleinod der Welt,Multiplicatio,"Nehmet dieser Eurer empfangenen und jetzo fermentierten Tinctur abermahls einen Teil, und unseres Menstrui universalis 10 Theil, solches mit einander in
        ein verschloßenes Phiol in das Regiment oder in das Athanor des feuers gethan, und tractirt es
        auf solche Arth und Weis, wie es bishero geschehen, damit es durch alle farben gehet, und zur
        bluthrothen Farbe und Fixitaet gelanget, also möget ihr den Tincturam, mit unserm Waßer so oft
        und vielmahl multipliciren als ihr wollet, denn je öftter die Tinctur de novo wieder damit
        resolviret und coaguliret wird, je beßer und herrlicher wird sie in Qualitate. Es ist allemahl
        einerley Composition und Proceß, nur daß die Zeit in jeder neu wiederholter Arbeit immer
        kürtzer wird und geschwinder als anfänglich zu Ende gehet, und wann ihr es soweit gebracht, so
        ist es hernach nun Kurtzweil, und Kinderspiel. Derohalben behaltet auch einen Theil der
        Tinctur zurück zur Multiplication, so könnet ihr immer in den Würcken bleiben, und darf das
        Werck von fornen nicht wieder angefangen werden. In der Ersten Multiplication bringet ihr die
        Tinctur 1 Theil auf 10 Theil daß sie tingiret, in der andern auf 100 Theil in der 3ten auf
        1000 Theil in der vierten auf 10000 und also consequenter alle und jede Multiplication steigt
        im tingiren Mercur [CZ: Quecksilber] Jovem [CZ: Zinn] Venerem [CZ: Kupfer] Saturnum [CZ: Blei]
        im Gold [CZ: Gold] mit 10 höher auf bis in infinitum Sinuun und jeder Multiplikation setzt ihr
        10 Theil seines eigenen Universalwassers zu und 1. Theil figirter Tinctur, ein mahl, wie des
        andern mahl. Diese Tinctur gehört ad medicinam et Corpus humanum in der Zeit damit Mentem zu
        haben in Corpore sano zu erhalten, Dosis est gran 1, 2, 3 et 4. zum allerhöchsten perse vel in
        vino. 7",N/A,N/A,N/A,N/A,N/A,N/A,N/A,N/A,N/A,N/A,N/A,N/A,N/A,N/A,N/A,N/A,N/A,N/A,N/A,N/A,N/A,N/A,N/A,N/A,N/A,N/A,N/A,Verhältnis Rubinkorn : Menstruum Universale 1 : 10; in Phiole überführen; Phiole verschließen; im Athanor durch alle Farben; schnellere Wiederholung der ersten Operation; mehrfache Multiplikation; jede erneute Multiplikation ist schneller als die vorige; nach 1. Multiplication kann die Tinktur 10 Teile tingieren; jede Multiplikation verzehnfacht die Kraft der Tinktur;,N/A,N/A
g1a1,A1 Höchster Schatz und Kleinod der Welt,G.,,N/A,N/A,N/A,N/A,N/A,N/A,N/A,N/A,N/A,N/A,N/A,N/A,N/A,N/A,N/A,N/A,N/A,N/A,N/A,N/A,N/A,N/A,N/A,N/A,N/A,N/A,N/A,N/A,N/A,N/A
g1a1,A1 Höchster Schatz und Kleinod der Welt,Fermentatio et Corporalis Projectio,"Nehmet der rothen etliche mahl multiplicierten tinctur 1 Loth, des allerbeßten feinsten, und durch das Antimonium 7 mahl gegoßenen und gantz geschmeidigen
            Goldes 105 Loth [Mariginalie: NB] Das Gold und die Tinctur zusammen in einen guten
        festen Schmelz-tiegel gethan, und wohl verlutirt, 6 Stundt in einem Windofen fliesen lassen so
        wird das Gold gantz brüchig und zu einem rothen Rubin-Stein, davon nehmet nach Erhaltung 1
        Gran, wickelts in ein rein gelb Wachs und Werfts im Fluß auf ½ lb [CZ: Blei, Quecksilber,
        Silber, Zinn, Kupfer] und lasset es eine gute Stunde lang zusammenschmeltzen, als denn gießet
        es aus in ein Zuguß so werdet ihr das allerfeinste Ducaten-Gold haben, in allen Proben
        beständig. NB Ein philosoph Gran seynd 4 gemein Gran.",N/A,N/A,N/A,N/A,N/A,N/A,N/A,N/A,N/A,N/A,N/A,N/A,N/A,N/A,N/A,N/A,N/A,N/A,N/A,N/A,N/A,N/A,N/A,N/A,N/A,N/A,N/A,N/A,multiplizierte Tinktur und Gold; multiplizierte Tinktur 1 Lot; Qualität des Goldes; hochrein; durch Antimon gegossen; 7 mal durch Antimon gegossen; Verhältnis Tinktur : Gold; Verhältnis 1 : 10; 1 Lot : 10 Lot; Gold und Tinktur in Schmelztiegel; im Ofen schmelzen; 6 Stunden schmelzen; Gold wird brüchig; Gold wird zu Rubinstein;,"Rubinstein und unedles Metall; Menge Rubinstein; 1 Gran Rubinstein; 0,5 Pfund unedles Metall; Rubinstein in Wachs gewickelt; Rubinstein in Wachs auf unedles Metall geworfen; Zusammenschmelzen; 1 Stunde zusammenschmelzen; Ausgießen; Resultat: allerfeinstes Dukatengold;"
g1a1,A1 Höchster Schatz und Kleinod der Welt,Observationes,"Nach dieser letzten Corporalischen Fermentation, heist diese
        Tinctur Lapis philosophorum, und einzig allein, in die Metalle und keinesweges in den
        Menschlichen Leib gebraucht wird, kann auch nun mehro nicht mehr vermehret werden; derwegen
        ist allezeit eine Portion davon aufzuheben nöthig, ad multiplicationen, damit in die- sem
        Stück nicht geirrt wird, ohne diese Fermentation tingirt diese Tinctur nicht, ehe und bevor
        aber diese Tinctur mit dem Gold fermentirt wird, ist sie die allerhöchste Medicin auf Erden
        vor alle Kranckheiten, die nur zu finden seyn mögen, solche mit Spiritus Vini Hispanico
        extrahirt, und wieder als denn allen Spiritum Vini in balneo Mariae bis auf die trockene eines
        rothen Scharlachpulvers abdestillirt, davon dann 2, 3 bis 4 Gran eingenommen perse, oder in
        Wein kalt oder warm, curirt nebst göttlicher Hülff alle Kranckheiten, und schmecket gantz süße
        wie Zucker. Mit dem Spiritu dulci Vitrioli, oder Spiritu Salis Dulci aber extrahirt, und über
        den Helm destillirt wie ein Blut, dann ist die Tinctur in forma liquida, das allerköstlichste
        Aurum potabile, darvon 1, 2, 3 bis 4 tropfen eingenommen oder per se aus einem silbernen
        Löffel geleckt.",N/A,N/A,N/A,N/A,N/A,N/A,N/A,N/A,N/A,N/A,N/A,N/A,N/A,N/A,N/A,N/A,N/A,N/A,N/A,N/A,N/A,N/A,N/A,N/A,N/A,N/A,N/A,N/A,N/A,N/A
g1a1,A1 Höchster Schatz und Kleinod der Welt,Zur dienstlichen-Nachricht,"Obgleich ferner Meldung geschehen, ob
        wäre die Materia blos im May ( in welchem Monath zwar am besten und in vollen Kräften ) allein
        zu sammeln so ist das darum geschehen, weilen es auch der beste Monath; allein hat gleiche
        Maas auch der Junius und Julius das Vermögen mit dem Monath May zu rechnen. Im August ist alle
        Arbeit umsonst. Es muß jedoch im May, wenigstens Junio, der Platz und Orth wegen den schönen
        Blumen und Lufft observiret werden. 8",N/A,N/A,N/A,N/A,N/A,N/A,N/A,N/A,N/A,N/A,N/A,N/A,N/A,N/A,N/A,N/A,N/A,N/A,N/A,N/A,N/A,N/A,N/A,N/A,N/A,N/A,N/A,N/A,N/A,N/A
g1a1,A1 Höchster Schatz und Kleinod der Welt,H.,,N/A,N/A,N/A,N/A,N/A,N/A,N/A,N/A,N/A,N/A,N/A,N/A,N/A,N/A,N/A,N/A,N/A,N/A,N/A,N/A,N/A,N/A,N/A,N/A,N/A,N/A,N/A,N/A,N/A,N/A
g1a1,A1 Höchster Schatz und Kleinod der Welt,Abbreviatio der Vorarbeit,"R[ecipe] Von der Mutterlauchen, welche die
        Salpeter-Sieder aus der Erden auslaugen, und noch kein Saltz, wie zuweilen geschiehet hinein
        geschmißen, auch von solcher Consistentz seyn, daß wenn mann ein Ey hinein leget, solches oben
        schwimmet ohngefehr 4 Maas, laßen solche einsieden, bis sie oben ein Häutlein bekommt, alsden
        thun solche in eine beschlagene Retorte, und destillire den Spiritum und Sal volatile in einen
        großen vorgelegten Recipienten, zuletzt gebe starck feuer, daß die Retorte erglüe und aller
        Spiritus und flüchtiges Saltz herüber gehe, als denn laße alles erkalten, und den Spiritum
        scheide von dem flüchtigen Saltz, und reinige ihn von allen Phlegmate, wie auch das Sal
        volatile, thue noch einmahl per se sublimiren, diese 2 gereinigte Stück als Spiritum und
        Saltz, habe jedes a parte wohl auf, das in Capite mortuo zurückgebliebene Sal fixum lauge mit
        reinem Regenwaßer wohl aus, und laße es anschiesen wenn es noch nicht rein genug so solvire
        solches wieder auf und filtrire und laß anschießen, so hast du das Sal fixum rein. Die
        Composition ist fornen zu finden.",N/A,N/A,N/A,N/A,N/A,N/A,N/A,N/A,N/A,N/A,N/A,N/A,N/A,N/A,N/A,N/A,N/A,N/A,N/A,N/A,N/A,N/A,N/A,N/A,N/A,N/A,N/A,N/A,N/A,N/A
g1a1,A1 Höchster Schatz und Kleinod der Welt,Finis,,N/A,N/A,N/A,N/A,N/A,N/A,N/A,N/A,N/A,N/A,N/A,N/A,N/A,N/A,N/A,N/A,N/A,N/A,N/A,N/A,N/A,N/A,N/A,N/A,N/A,N/A,N/A,N/A,N/A,N/A
g2a2,"A2 Es ist erstlich zu wissen, daß die Erde aller sachen Saamen",[Start of Document],,N/A,N/A,N/A,N/A,N/A,N/A,N/A,N/A,N/A,N/A,N/A,N/A,N/A,N/A,N/A,N/A,N/A,N/A,N/A,N/A,N/A,N/A,N/A,N/A,N/A,N/A,N/A,N/A,N/A,N/A
g2a2,"A2 Es ist erstlich zu wissen, daß die Erde aller sachen Saamen","A2 Es ist erstlich zu wissen, daß die Erde aller sachen Saamen",15 21. Feb 1690,Sendivogius; Johann Podowsky;,N/A,N/A,N/A,N/A,N/A,N/A,N/A,N/A,N/A,N/A,N/A,N/A,N/A,N/A,N/A,N/A,N/A,N/A,N/A,N/A,N/A,N/A,N/A,N/A,N/A,N/A,N/A,N/A,N/A
g2a2,"A2 Es ist erstlich zu wissen, daß die Erde aller sachen Saamen",Processus Michaelis Sendivogij Equitis Polonj.,"Es ist
        erstlich zu wißen, daß die Erde aller Sachen Saamen, wie auch aller derselben würkung undt
        tugendt in sich begreiffe, den sie ist daß Subjectum aller himmlischen Strahlen undt einflüße.
        Sie wirdt auch vom Himmel undt andern Elementen geschwängert, undt ist daß Centrum undt grundt
        aller Dinge, daraus alles gebohren wirdt, den so sie nach gebührlicher reinigung subtilirt
        undt unterm freuen Himmel gesezt, wirdt sie alßbaldt von himmlischer würkung und tugendt
        geschwängert und faecundieret, daß sie von sich selber allerley Kreuter, würmlein, Thierlein,
        mineralische und metallische funklein herfür bringt, den ihn ihr ist großes geheimnüß, diese
        soll man mit [CZ: Wasser] undt [CZ: Feuer] von ihrer unsauberkeit reinigen, ihre 3 gereinigte
        Principia wieder zusammen setzen, damit Philosophischer weise, alß folgen wirdt procediren: In
        obgedachter erden, sindt 3 unterschiedliche Salia ver borgen, erstlich ein Philosophisches
        [CZ: Salpeter], so in der lufft, durch der Sonnen und Mondt strahlen undt andere sternen
        empfangen, denn je mehr und hizziger der Sonnen undt Sternen strahlen schießen, je mehr
        centralischer [CZ: Salpeter] gebohren wirdt: zum andern ist der himmlische unsichtbahre geist
        der Natur, nemlich der Spiritus Mundj in einem flüchtigen [CZ: Salz], in dieser Jungfräulichen
        Erden verborgen, undt lezlich ist ein fixes [CZ: Salz], alß ein receptaculum der vorigen
        beyden von Gott eingepflanzet, daß also alle 3 Salia in dieser Erden verborgen liegen, welche
        folgender Maßen heraußzubringen.",N/A,die Erde ist aller Sachen Samen;,N/A,N/A,N/A,N/A,N/A,N/A,N/A,N/A,N/A,N/A,N/A,N/A,N/A,N/A,N/A,N/A,N/A,N/A,N/A,N/A,N/A,N/A,N/A,N/A,N/A,N/A,N/A,N/A
g2a2,"A2 Es ist erstlich zu wissen, daß die Erde aller sachen Saamen",Praxis,"[Recipe] der rechten Erden, so von der
        Sonnen, Mondt undt Sternen genugsam impraegnirt ist, q.v. theile sie in zwey gleiche theile,
        undt dieß geschieht darumb, daß man der Natur ihr gewiß gewicht wiedergeben könne. Denn auß
        einem theil wirdt der Philosophische [CZ: Salpeter], auß dem andern das flüchtige Salz, wie
        auch das fixe Salz gezogen, durch diesen weg kan man im gewicht nicht leichtlich irren,
        welches sonsten so man auß einem alleine diese 3 Salia ziehen will leichtlich geschehen
        könnte. NB In böheimb eine halbe meile bey Camenthau in einem dorfe wirdt ein bolus gegraben,
        welcher von den Astris stattlich impraegnirt ist.",N/A,N/A,N/A,N/A,"Erde durch Sonne, Mond und Sterne imprägniert;",N/A,Erde in 2 Teile teilen;,Chomutov;,N/A,N/A,N/A,N/A,N/A,N/A,N/A,N/A,N/A,N/A,N/A,N/A,N/A,N/A,N/A,N/A,N/A,N/A,N/A,N/A,N/A,N/A
g2a2,"A2 Es ist erstlich zu wissen, daß die Erde aller sachen Saamen",Von dem [CZ: Salpeter] Erstlich,"Diese erste arbeit, wirdt nicht
        anders, den durch Sieden, filtrieren, evaporiren und schießen alß die Salpeter sieder
        gebrauchen, volbracht, es muß aber solches aufs höchste gereiniget werden, also daß der [CZ:
        Salpeter], auf der höchsten Diaphanität erscheinet, undt gleichsam alß ein Christall werde,
        wen solches geschehen, so nimb seine hinterstellige terram, laß diesselbe 3 oder 4 mahl wohl
        durchglühen, damit nichts flüchtiges mehr in ihr sey, undt nimb zu 1 theil [CZ: Salpeter] 3
        theil der Erden wohl unter einander gemengt, ( doch soll man deß [CZ: Salpeter] auf ein mahl
        über 1 ½ lb undt der Erden 4 12 lb nicht einsezen) distillirs per retortam, undt schlage 2 lb
        distillirt regen [CZ: Wasser] in recipienten vor, so werden die Spiritus gantz roth herüber
        gehen, davon ziehe das Phlegma per M.B. undt rectificir den Spiritum in arena, den verwahr gar
        wohl in einem weiten glaß, an einem kalten ort.",N/A,N/A,N/A,N/A,N/A,N/A,N/A,N/A,N/A,wie Salpetersieder;,Sieden; Salz wird gereinigt;,Salpeter;,ausgelaugte Erde calcinieren; Erdsalz und calcinierte Erde vermischen; Verhältnis Erdsalz zu Erde 1:3; keine Kugeln; maximal 6 Pfund pro Ansatz; Mischung in Retorte geben; in Vorlage Wasser; 2 Pfund Wasser; destilliertes Regenwasser; Spiritus geht über; Spiritus rot; Spiritus rektifizieren; Spiritus kühl lagern;,N/A,N/A,N/A,N/A,N/A,N/A,N/A,N/A,N/A,N/A,N/A,N/A,N/A,N/A,N/A,N/A,N/A
g2a2,"A2 Es ist erstlich zu wissen, daß die Erde aller sachen Saamen",De Sale volatili,"[Recipe] 6 lb frischer Erden, distillire solche per retortam,
        so wirdt mit dem Spiritu ein flüchtiges [CZ: Salz] herüber gehen, undt sich anlegen NB in
        diesem Labore darff man keinen liquorem in recipienten vorschlagen, undt solches distilliren,
        mustu so offt wieder hohlen, biß die andere Hälfte der Erden ganz verbraucht worden, undt
        sollen alle [CZ: Caput] mortua oder residua fleißig zur extraction deß Salis fixi aufgehoben
        werden, die destillationes dephlegmir in M.B. undt rectificir den Spiritum in Cinere ( dieser
        Spiritus gehoret zum werke nicht, kan besonders aufgehoben werden) daß [CZ: Salpeter] so in
        fundo blieben, sublimir mit starkem [CZ: Feuer] undt solches repetir zum andern mahl, undt
        verwahr es alßden wohl vor der Lufft damit sichs nicht resolvire.",N/A,N/A,N/A,N/A,N/A,N/A,N/A,N/A,N/A,N/A,N/A,N/A,N/A,N/A,aus frischer Erde; 6 Pfund Erde; aus Retorte destillieren; kein Wasser vorlegen;,N/A,N/A,N/A,N/A,N/A,N/A,N/A,N/A,N/A,N/A,N/A,N/A,N/A,N/A,N/A
g2a2,"A2 Es ist erstlich zu wissen, daß die Erde aller sachen Saamen",De Sale Fixo,"[Recipe] die vorige Terram, calcinir selbige im töpfer offen gar wohl, extrahir darauß per
        aquam destillatam sein [CZ: Salz] fixum, daß muß durch vielfaltig solviren, filtririeren undt
        coaguliren gantz rein und christallisch gemacht werden.",N/A,N/A,N/A,N/A,N/A,N/A,N/A,N/A,N/A,N/A,N/A,N/A,N/A,N/A,N/A,"bereits verwendete Erde calcinieren; Extraktion mit Wasser; destilliertes Wasser; Extrakt reinigen; Reinigen mit mehrmaligem Lösen, Filtrieren, Koagulieren und Auskristallisieren;",N/A,N/A,N/A,N/A,N/A,N/A,N/A,N/A,N/A,N/A,N/A,N/A,N/A,N/A
g2a2,"A2 Es ist erstlich zu wissen, daß die Erde aller sachen Saamen",Conjunctio trium Salium,"Daß fixe und volatilische [CZ:
        Salz] zusammen geuß gemachsam den Spiritum [CZ: Salz] darüber, so wirdt sichs uniren undt zum
        [CZ: Wasser] werdten, dieses ist [CZ: Quecksilber] triumphans Philosophorus, undt menstruum
        universale mit welchen alle metalla undt Gemmae können aufgeschlossen werden.",N/A,N/A,N/A,N/A,N/A,N/A,N/A,N/A,N/A,N/A,N/A,N/A,N/A,N/A,N/A,N/A,Nein;,N/A,"Sal Volatile, Sal Fixum und Spiritus zusammengeben;",Mercurius Triumphans Philosophorus; Menstruum Universale;,N/A,N/A,N/A,N/A,N/A,N/A,N/A,N/A,N/A,N/A
g2a2,"A2 Es ist erstlich zu wissen, daß die Erde aller sachen Saamen",Compositio Operis,"[Recipe] Menstrui huius Philosophici partes decem, darein thue
        selbst gewachßen [CZ: Gold] p.1 so wirdts alsbaldt aufgelöset werden, laß über nacht stehen so
        wirdt sich eine erde sezen, die filtriere davon, undt sez die Solution in eine Phiolen in die
        innerste Kugel deß Athanoris.  16",N/A,N/A,N/A,N/A,N/A,N/A,N/A,N/A,N/A,N/A,N/A,N/A,N/A,N/A,N/A,N/A,N/A,N/A,N/A,N/A,N/A,Qualität des Goldes; natürliches Gold; Verhältnis Gold : Menstruum Universale 1 : 10; Gold löst sich auf; Abfiltrieren; Goldlösung in Phiole überführen;,N/A,N/A,N/A,N/A,N/A,N/A,N/A,N/A
g2a2,"A2 Es ist erstlich zu wissen, daß die Erde aller sachen Saamen",Gebrauch des Athanoris,"Es sindt im Athanore 3 Kugeln, die erste und gröste, die 2te oben auf voller löcher, damit
        der dampf durchtringen möchten, die 3te ist von Eichen Holz, in dieser geschieht die
        Putrefaction im vaporischen [CZ: Feuer] undt muß in der ersten Kugel allzeit [CZ: Wasser]
        seyn, weil die putrefaction wehret, welches in 40 oder 45 tagen verrichtet wird, darnach thut
        man die höltzerne Kugel hinweg, undt sezt daß glaß in die gelöcherte Kugel, so mit aschen
        gefüllet, daß die Hitze sey, daß man kan einen finger drinnen erleyden, so werden innerhalb 50
        tagen farben darinnen erscheinen, darnach seze dein glaß in die große eußte Kugel, so mit
        Sande gefüllet sein soll, biß an die Materia, so wirdt in 50 tagen eine weiße erscheinen,
        fahre fort in grad deß [CZ: Feuer] biß es gelbe wirdt, welches in 30 tagen geschieht, lezlich
        seze daß glaß zu unterst in Sandt, undt treibe fort, biß es roth wirdt undt in der mitten sich
        ein klein rubinroth körnlein erzeiget, ohngefehr einer linsen groß, daßelbe habe man in gutter
        acht denn es deß goldes Saamen ist, daß rothe Pulver, so da herum lieget, thut man hinweg, den
        es zum werke nicht dienet, daß körnlein behalt allein, undt procedir wie folget.",N/A,N/A,N/A,N/A,N/A,N/A,N/A,N/A,N/A,N/A,N/A,N/A,N/A,N/A,N/A,N/A,N/A,N/A,N/A,N/A,N/A,N/A,3 Kugeln; 1. Kugel die größte; 2. Kugel voller Löcher; 3. Kugel Eichenholz;,gefüllte Phiole in Athanor; 1. Phiole in Wasserdampf; 1a. 40-45 Tage im Wasserdampf; 1b. im Wasserdampf Putrefaction; 2. Phiole in Aschebad; 2a: 50 Tage im Aschebad; 2b: im Aschebad Pfauenschwanz; 3. Phiole in halben Sandbad; 3a: Phiole schaut aus Sand heraus; 3b: 50 Tage im halben Sandbad; 3c: zuerst im halben Sandbad Weiß; 3d: weitere 30 Tage im halben Sandbad; 3e: im halben Sandbad jetzt Gelb; 4: Phiole komplett im Sandbad; 4a: Zeit unbestimmt; 4b: im kompletten Sandbad Rot; 4c: im kompletten Sandbad in der Mitte Rubinkorn; Rubinkorn ist Linsengroß; 4d: im kompletten Sandbad außen rotes Pulver; 5: rotes Rubinkorn entnehmen;,Goldsamen; das rechte philosophische lebendige Gold;,Secunda Compositio;,N/A,N/A,N/A,N/A
g2a2,"A2 Es ist erstlich zu wissen, daß die Erde aller sachen Saamen",Secunda Compositio,"Nim daß rothe Körnlein, welches daß rechte philosophische
        lebendige [CZ: Gold] ist, wiege es genau, und thue darzu 10 mahl so viel deß philosophischen
        menstrui in eine kleine Phiol, daß 2 theil leer stehen, siggilirs Hermetice, undt procedire im
        Athanore wie folget. Erstlich thue daß glaß in die eicherne Kugel undt verfahre damit wie in
        der ersten operation so wirdt innerhalb 40 oder 45 tagen eine schwärze erscheinen, alßdann
        thue die hölzerne Kugel hinweg, undt seze daß glaß in die löcherichte kugel in die aschen, wie
        anfangs geschehen, so werden sich in 100 tagen allerhandt farben sehen laßen, so seze alß dann
        daß glaß in Sandt in die gröste Kugel, so wirdts in 50 tagen weiß, procedir biß auf die gelbe
        die in 30 tagen folgt, dann sez daß glaß zu unterst in Sandt, biß es durchsichtig roth wird,
        welches in 40 tagen geschieht, solches versuch auf einen glühenden [CZ: Silber]blech, obs
        fleust ohne rauch, wo nicht so mustu es noch baß figiren.",N/A,N/A,N/A,N/A,N/A,N/A,N/A,N/A,N/A,N/A,N/A,N/A,N/A,N/A,N/A,N/A,N/A,N/A,N/A,N/A,N/A,N/A,N/A,N/A,N/A,N/A,auf glühendem Silberblech;,Verhältnis Rubinkorn : Menstruum Universale 1 : 10; im Athanor durch alle Farben; schnellere Wiederholung der ersten Operation; mehrfache Multiplikation; nach 1. Multiplication kann die Tinktur 10 Teile tingieren; jede Multiplikation verzehnfacht die Kraft der Tinktur;,N/A,N/A
g2a2,"A2 Es ist erstlich zu wissen, daß die Erde aller sachen Saamen",Sequitur Multiplicatio,"Nimb 1 theil des rothen pulffers undt 10 theil menstrui,
        sez es ein, so wirdt in 3 tagen in der eichen kugel die schwärze, undt in 3 tagen in der
        aschen die Colores biß auf die grüne sich sehen laßen, undt lezlichen in der ersten kugel im
        Sandt in 3 tagen roth werden man mag solches zu zwey oder mehr mahlen multipliciren, der
        ersten Tinctur transmutirt 1 theil 10 theil [CZ: Quecksilber]y in [CZ: Gold], die andere 1000,
        die dritte 1000, die vierte 10000, biß auf 100000 p. Auch soll man stets ein theil zur
        Augmentation zurück behalten, damit nicht daß werk von neuen müße angefangen werden. Wiltu die
        Tinctur zur medicin gebrauchen, so solvir derselben [1 Skrupel] in Spiritus vini [2 Unzen],
        davon 2 oder 3 tropffen eingegeben treibt wunderlich.  Dieß ist also Sendivogy Process de verbo ad verbam
        abgeschrieben ex ipsius propria manu, so sein gewesener diener Johann Pudowsky mir
        communicieret hat.",N/A,N/A,N/A,N/A,N/A,N/A,N/A,N/A,N/A,N/A,N/A,N/A,N/A,N/A,N/A,N/A,N/A,N/A,N/A,N/A,N/A,N/A,N/A,N/A,N/A,N/A,N/A,N/A,N/A,N/A
g2a3,A3 Processus Michaelis Sendivogij equitis Poloni auf das Universal Wasser,[Start of Document],54,N/A,N/A,N/A,N/A,N/A,N/A,N/A,N/A,N/A,N/A,N/A,N/A,N/A,N/A,N/A,N/A,N/A,N/A,N/A,N/A,N/A,N/A,N/A,N/A,N/A,N/A,N/A,N/A,N/A,N/A
g2a3,A3 Processus Michaelis Sendivogij equitis Poloni auf das Universal Wasser,Processus Michaelis Sendivogy equitis Poloni auf das universal cum [CZ: Wasser].,,N/A,N/A,N/A,N/A,N/A,N/A,N/A,N/A,N/A,N/A,N/A,N/A,N/A,N/A,N/A,N/A,N/A,N/A,N/A,N/A,N/A,N/A,N/A,N/A,N/A,N/A,N/A,N/A,N/A,N/A
g2a3,A3 Processus Michaelis Sendivogij equitis Poloni auf das Universal Wasser,Folget universal process,"55 Marcus Friedericus
        Rosenkreuzer, hat diesen Process mit einem von adel, laboriert nichts aus gericht, verwirft
        ihn ganz und gar.     Nim der rechten erden, so
        von der [CZ: Sonne] [CZ: Mond] und sternen genugsam impugniert q. vir theile sie in 2 theile,
        und dis geschicht darumb, das man der Natur ihr gewis gewichte wiederumb geben könne, den aus
        dem ersten theil, wird der Philosophische [CZ: Salpeter] aus dem 2, der flüchtige [CZ:
        Salmiak], wie auch das fixe [CZ: Salz] gezogen. Durch diesen weg, kan man, am gewichte nicht
        leichtlich irren, welches sonsten, wen man, aus einem allein, alle diese 3 salia ziehen will
        leichtlich geschicht",Sendivogius;,N/A,N/A,N/A,"Erde durch Sonne, Mond und Sterne imprägniert;",N/A,Erde in 2 Teile teilen;,N/A,N/A,wie Salpetersieder;,Sieden; Salz wird gereinigt;,N/A,N/A,N/A,N/A,N/A,N/A,N/A,N/A,N/A,N/A,N/A,N/A,N/A,N/A,N/A,N/A,N/A,N/A,N/A
g2a3,A3 Processus Michaelis Sendivogij equitis Poloni auf das Universal Wasser,1. Von dem [CZ: Salpeter],"Die erste arbeit wird nicht anders , den durch sieden,
        filtriren evaporieren und schießen, als die [CZ: Salpeter]sieder gebrauchen, vollbracht es mus
        aber solches aufs höchste gereinigt werden, also, 56  Das der [CZ: Salpeter] auf die höchste Diaphanität erscheine, und gleichsam als ein
        Christalle, werde. wen solches geschehen, so nim seine hinterstellige Terram, las dieselbe 3
        oder 4 mahl wohl durch glühen, damit nichts flüchtiges an ihr sey, und nim zu 1 theil [CZ:
        Salpeter] 3 theil der erden, wohl unter ein ander gemengt. Jedoch soll man das [CZ: Salpeter]
        auf ein mahl über 1 ½ lb. und der erden über 4 ½ lb. nicht einsetzen. Distillirs per Retortam,
        und schlage distillirt regen [CZ: Wasser] in recipienten vor, so werden die spiritus ganz roth
        hierüber gehen; Davon ziehe das phlegma per Balneum und rectificire den 57 Spiritum in arena.
        Den verwahre gar wohl in einem weiten glaße an einem kalten orthe.",N/A,N/A,N/A,N/A,N/A,N/A,N/A,N/A,N/A,N/A,N/A,Salpeter;,ausgelaugte Erde calcinieren; Erdsalz und calcinierte Erde vermischen; Verhältnis Erdsalz zu Erde 1:3; keine Kugeln; maximal 6 Pfund pro Ansatz; Mischung in Retorte geben; in Vorlage Wasser; destilliertes Regenwasser; Spiritus geht über; Spiritus rot; Spiritus rektifizieren; Spiritus kühl lagern;,N/A,aus frischer Erde; 6 Pfund Erde; aus Retorte destillieren; kein Wasser vorlegen;,N/A,N/A,N/A,N/A,N/A,N/A,N/A,N/A,N/A,N/A,N/A,N/A,N/A,N/A,N/A
g2a3,A3 Processus Michaelis Sendivogij equitis Poloni auf das Universal Wasser,2. De [CZ: Salz] volatili,"nim 6 lb frischer Erden. Distillire solche per
        retortam so wird mit dem spiritu ein flüchtiges [CZ: Salz] hierüber gehen, und sich anlegen,
        NB. (zu diesem laborire, darf man keinen liquiren, in dem recipientem vorschlagen) und solche
        distilliren mus man so offt wiederhohlen, bis die andere helffte der erden ganz verbraucht
        worden. Und sollen alle capita mortua oder residua, fleißig zur extraction des [CZ: Salz]
        fixi, aufgehoben werden. Die destillationes de- 58 phlegmire inn Balneo, und rectificire den
        spiritum in cinere. (Dieser spiritus gehört zum werke nicht, kan besonders aufgehoben werden.)
        Das [CZ: Salz], so in fundo blieben, [CZ: sublimieren] mit starcken [CZ: Feuer], und solches
        repetire zum andern mahl, und verwahre als dan wohl von der lufft, damit es sich nicht
        resolvire.",N/A,N/A,N/A,N/A,N/A,N/A,N/A,N/A,N/A,N/A,N/A,N/A,N/A,N/A,N/A,N/A,N/A,N/A,N/A,N/A,N/A,N/A,N/A,N/A,N/A,N/A,N/A,N/A,N/A,N/A
g2a3,A3 Processus Michaelis Sendivogij equitis Poloni auf das Universal Wasser,3. De [CZ: Salz] fixo,"Nim die vorige terram, calcinire solche, im töpfer offen gar wohl, extrahire daraus per
        aquam distillire sein [CZ: Salz] fixum das mus, durch vielfältig solviren, philtriren und
        coaguliren ganz rein und Chrystallisch gemacht werden. 59",N/A,N/A,N/A,N/A,N/A,N/A,N/A,N/A,N/A,N/A,N/A,N/A,N/A,N/A,N/A,"bereits verwendete Erde calcinieren; Extraktion mit Wasser; destilliertes Wasser; Extrakt reinigen; Reinigen mit mehrmaligem Lösen, Filtrieren, Koagulieren und Auskristallisieren;",N/A,N/A,N/A,N/A,N/A,N/A,N/A,N/A,N/A,N/A,N/A,N/A,N/A,N/A
g2a3,A3 Processus Michaelis Sendivogij equitis Poloni auf das Universal Wasser,Conjunctio trium Salium,"Nim das fixe und volatilische
        [CZ: Salz] zusammen, geus gemachsam den spiritum [CZ: Salpeter] drüber so wird sichs uniren
        und zu [CZ: Wasser] werden. Dieses ist [CZ: Quecksilber] Triumphans philosophicus und
        Menstruum universale mit welchen alle metalla und gemma können aufgeschloßen werden.",N/A,N/A,N/A,N/A,N/A,N/A,N/A,N/A,N/A,N/A,N/A,N/A,N/A,N/A,N/A,N/A,Nein;,N/A,"Sal Volatile, Sal Fixum und Spiritus zusammengeben;",Mercurius Triumphans Philosophicus; Menstruum Universale;,N/A,N/A,N/A,N/A,N/A,N/A,N/A,N/A,N/A,N/A
g2a3,A3 Processus Michaelis Sendivogij equitis Poloni auf das Universal Wasser,Composito operis,"[Recipe] Menstrui hujus philosophici partes decem, darein thue selbst gewachsen [CZ: Gold]
        partem unam. So wirdt alsbaldt aufgelöst werden las über nacht stehen so wird sie eine erde
        sezen, die filtrire, und seze die solution in eine viol in die 60 unterste Kugel des
        Athanaris.",N/A,N/A,N/A,N/A,N/A,N/A,N/A,N/A,N/A,N/A,N/A,N/A,N/A,N/A,N/A,N/A,N/A,N/A,N/A,N/A,N/A,Qualität des Goldes; natürliches Gold; Verhältnis Gold : Menstruum Universale 1 : 10; Gold löst sich auf; Abfiltrieren; Goldlösung in Phiole überführen;,3 Kugeln; 1. Kugel die größte; 2. Kugel voller Löcher; 3. Kugel Eichenholz;,gefüllte Phiole in Athanor; 1. Phiole in Wasserdampf; 1a. 40-50 Tage im Wasserdampf; 1b. im Wasserdampf Putrefaction; 2. Phiole in Aschebad; 2a: 50 Tage im Aschebad; 2b: im Aschebad Pfauenschwanz; 3. Phiole in halben Sandbad; 3a: Phiole schaut aus Sand heraus; 3b: 50 Tage im halben Sandbad; 3c: zuerst im halben Sandbad Weiß; 3d: weitere 30 Tage im halben Sandbad; 3e: im halben Sandbad jetzt Gelb; 4: Phiole komplett im Sandbad; 4a: Zeit unbestimmt; 4b: im kompletten Sandbad Rot; 4c: im kompletten Sandbad in der Mitte Rubinkorn; Rubinkorn ist Linsengroß; 4d: im kompletten Sandbad außen rotes Pulver; 5: rotes Rubinkorn entnehmen;,N/A,N/A,N/A,N/A,N/A,N/A
g2a3,A3 Processus Michaelis Sendivogij equitis Poloni auf das Universal Wasser,Gebrauch des Athanaris,"Es sind im Athanare 3 Kugeln, die erste und gröste, die
        ander oben auf voller löcher, damit der tampf durchdringen möge die 3. ist von Eichenen holze.
        In dieser geschicht die putrefaction in vaporischen [CZ: Feuer] und mus in der ersten Kugel
        allezeit [CZ: Wasser] sein, weil die putrefaction wehret, welche in 40 oder 50 tagen
        verrichtet wird, darnach thut man die hölzerne Kugel hinweg, und sezet das glas in die
        gelöcherte Kugel, so mit aschen gefüllet, das die hize sey, das man kaum einen finger darein
        erleiden möge, so wer- 61 den innerhalb 50 tagen farbe erscheinen, darnach seze dein glaß in
        die euserste große Kugel so mit Sande gefüllt sein soll bis an die materia so wird in 50 tagen
        eine weiße erscheinen. Fare fort in grad des [CZ: Feuer], bis es gelbe wird, welches in 30
        tagen geschicht. Lezlich so seze das glas zu unterst in sand und treibe fort, bis es roth
        wird, und in der mitte sich in ein klein rubin rothes körnlein erzeiget, ungefehr einer linßen
        gros, daßelbe halte man in guter acht. den es des [CZ: Gold] samen ist. Das rothe [CZ: Pulver]
        so da herumb liegt, thut man hinweg, den es zum wercke nicht dienet. das 62 Körnlein behalt alleine, und procedir, wie folget.",N/A,N/A,N/A,N/A,N/A,N/A,N/A,N/A,N/A,N/A,N/A,N/A,N/A,N/A,N/A,N/A,N/A,N/A,N/A,N/A,N/A,N/A,N/A,N/A,Goldsamen; das rechte philosophische lebendige Gold;,Secunda Compositio;,N/A,N/A,N/A,N/A
g2a3,A3 Processus Michaelis Sendivogij equitis Poloni auf das Universal Wasser,Secunda compositio,"Nim das rothe körnlein, welches das rechte philosophische
        lebendige [CZ: Gold] ist, wiges genau, und thue darzu 10 theil, oder zehenmal so viel des
        philosophischen menstrui in eine klahre phiol, das 2 theile leer stehen. Sigillirs Hermetice
        und procedir in Athanore, wie folget: 3. Thue das glas in die eicherne Kugel, und verfahre
        darmit wie in der ersten operation so werden innerhalb 40 oder 50 tagen, eine schwerze
        erscheinen, als den thue die hölzerne Kugel hinweg, und seze das glas in die löcherichte 63
        Kugel, in die aschen wie anfangs geschehen, so werden sich, in 100 tagen aller hand farben
        sehen laßen, so sezt das glas als den in sand, in die größere Kugel so wirds in 50 tagen,
        weis, procedire bis auf die gelbe die in 30 tagen folget. Dan seze das glas zu unterst in
        sand, bis das durchsichtige roth wird, welches in 40 tagen geschicht. Solches versuche auf
        einen glüenden [CZ: Silber]blech obs fleust oder raucht, wo nicht, so mustu es noch bas
        figiren",N/A,N/A,N/A,N/A,N/A,N/A,N/A,N/A,N/A,N/A,N/A,N/A,N/A,N/A,N/A,N/A,N/A,N/A,N/A,N/A,N/A,N/A,N/A,N/A,N/A,N/A,auf glühendem Silberblech;,Verhältnis Rubinkorn : Menstruum Universale 1 : 10; im Athanor durch alle Farben; schnellere Wiederholung der ersten Operation; mehrfache Multiplikation; nach 1. Multiplication kann die Tinktur 10 Teile tingieren; jede Multiplikation verzehnfacht die Kraft der Tinktur;,N/A,N/A
g2a3,A3 Processus Michaelis Sendivogij equitis Poloni auf das Universal Wasser,Sequitur Multiplicatio,"Nim 1 theil des rothen [CZ: …?] und 10 theil menstrui sez
        es 64 ein, so wird, in drey tagen, in der aschen die colores, bis auf die grüne sich sehen
        laßen, und lezlich in der ersten Kugel im sande, in 3 tagen roth werden. Man mag solches 2
        oder 3 oder mehr mahl multipliciren. Die erste tinctur transmutirt ein theil 10 theil [CZ:
        Quecksilber] in [CZ: Gold] die andere, 100 die dritte, 1000 die Vierdte 10000 bis auff 1000000
        auch soll ma setz 1 theil zur augmentation zurück behalten, damit nicht das werck von neuen
        wieder mus angefangen werden, wiltu die tinctur zur medicin brauchen, so solvir dieselbe [CZ:
        Skrupel] 1 in S.  Von diesem Process wollen die recentiores phil nichts
        halten, sagen das dieser process oder Lapis noch nicht erfunden sey Marcus Friederich
        Rosencreutzer verwirft ihn ganz und gar 65 V. [CZ: Unze] 2 davon 2 oder 3 tropffen eingegeben
        treibt er und er.",N/A,N/A,N/A,N/A,N/A,N/A,N/A,N/A,N/A,N/A,N/A,N/A,N/A,N/A,N/A,N/A,N/A,N/A,N/A,N/A,N/A,N/A,N/A,N/A,N/A,N/A,N/A,N/A,N/A,N/A
g2a3,A3 Processus Michaelis Sendivogij equitis Poloni auf das Universal Wasser,FINIS,,N/A,N/A,N/A,N/A,N/A,N/A,N/A,N/A,N/A,N/A,N/A,N/A,N/A,N/A,N/A,N/A,N/A,N/A,N/A,N/A,N/A,N/A,N/A,N/A,N/A,N/A,N/A,N/A,N/A,N/A
g2a4,"A4 Processus D. Michaelis Sendivogii super centrum universi, seu Sal centrale",[Start of Document],,N/A,N/A,N/A,N/A,N/A,N/A,N/A,N/A,N/A,N/A,N/A,N/A,N/A,N/A,N/A,N/A,N/A,N/A,N/A,N/A,N/A,N/A,N/A,N/A,N/A,N/A,N/A,N/A,N/A,N/A
g2a4,"A4 Processus D. Michaelis Sendivogii super centrum universi, seu Sal centrale","A4 Processus D. Michaelis Sendivogii super centrum universi, seu Sal centrale","231
        50.",N/A,N/A,N/A,N/A,N/A,N/A,N/A,N/A,N/A,N/A,N/A,N/A,N/A,N/A,N/A,N/A,N/A,N/A,N/A,N/A,N/A,N/A,N/A,N/A,N/A,N/A,N/A,N/A,N/A,N/A
g2a4,"A4 Processus D. Michaelis Sendivogii super centrum universi, seu Sal centrale","Processus D. Michaelis Sendivogii super centrum universi, seu Sal centrale.","Erstlich
        ist zu wissen daß die Erde allen Sachen wie auch deroselben Würckung und Tugend in sich
        schleust und begreiffet dann sie ist das Subjectum omnium radiorum und influxuum coelestium
        astrorum. Sie wird auch von den andern Elementen und Himmeln impraegnirt, und ist das centrum
        und Fundament wie auch die Mutter aller Dinge darauß alles gebohren wird dann sie ist nach der
        Geburt gereiniget und subtilirt und wann man sie unter den freyen Himmel setzet so wird sie
        alsobald von den Himmlischen Tugenden Kräfften und Würckungen saecundirt und geschwaengert daß
        sie vor sich selbsten allerley Wurtzel Kräuter Mineralien und Metallen-Füncklein herfür
        bringen wird dann in ihr ist grosse Geheimnus und ist der erst gebohrne Himmlische Geist der
        Natur in ihr verborgen. NB. Deßwegen soll man wissen daß in ihrem Centro ein Jungfräuliche
        Erden verborgen ligt die soll man mit [CZ: Feuer] und [CZ: Wasser] von ihrer Unsaubrigkeit
        reinigen ihre 3. principia von ihrer Unsaubrigkeit gereiniget wieder zusammen fügen und damit
        philosophischer Weise procediren ut sequitur. In obgedachter Erden seynd 3. unterschiedliche
        Salia verborgen: 1. ein philosophisches nitrum, so von der Erden durch der Sonnen Mondes und
        anderer Sternen Strahlen empfangen da je mehr und hitziger die Sonne und andere Stralen
        schiessen je mehr centralischer das [CZ: Salz] nitri wird jedoch (NB.) soll dieses von
        philosophischen und nicht vom gemeinen nitro verstanden werden. Pro secundo ist der himmlische
        und sichtbare Gott der Natur nehmlich Spiritus mundi in einem flüchtigen Saltz in dieser
        Jungfräulichen Erden verborgen. Und letztlich ist in ihr ein fix Salz als ein Receptaculum und
        corpus der vorigen 232 beeden Salium von Gott eingepflanzet daß also die 3. Salia in dieser
        Erden verborgen ligen wie diese aber heraus zu bringen folget hernach Praxis.      Nota die Thon-Erde da die Haematites wachsen
        solle der ander chalybs Sentivogii seyn per tempus annuum, neugraben cum magnete penetrat
        nitrum. [Recipe] der Erden so im Martio, wann Sol in ariete von der Sonnen und andern
        Stern-Strahlen genugsam geschwängert; divide hanc terram in duas partes aequales: und hoc ideo
        fit, ut naturae debitum; und aequale pondus rite possit reddi, quia ex una parte conficitur
        nitrum philosophicum, ex altera parte vero sal volatile, und corpus extrahitur, und sic hac
        via, und methodo (dummodo diligenter ad labores attendatur,) non facile in pondere erratur,
        quod facile contingit, si ex una massa und parte omnia tria salia extraherentur.",Sendivogius;,die Erde ist aller Sachen Samen;,März; Sonne im Sternbild Widder;,N/A,"Erde durch Sonne, Mond und Sterne imprägniert; Tonerde;",N/A,Erde in 2 Teile teilen;,N/A,N/A,wie Salpetersieder;,Sieden; Salz wird gereinigt;,N/A,N/A,N/A,N/A,N/A,N/A,N/A,N/A,N/A,N/A,N/A,N/A,N/A,N/A,N/A,N/A,N/A,N/A,N/A
g2a4,"A4 Processus D. Michaelis Sendivogii super centrum universi, seu Sal centrale",Erstlich vom Nitro.,"Diese Arbeit wird nicht anderst als durch sieden flitriren
        evaporiren und schiessen als wie bey den Salpetersiedern gebräuchig vollbracht; es muß aber
        solches auffs höchste gereiniget, also daß das Nitrum auff die höchste Diaphaneität erscheine
        und gleichsam am Glantz die Crystallen übertreffe. Wann das geschehen so lasse sein
        hinterstellige Erden 3. oder 4. mahl wol erglüen damit gar nichts feuchtes mehr an ihr sey und
        zu 1. thl. nitri purissimi [recipe] 3. thl. dieser seiner eygenen obigen calcinirten Erden
        gantz wol alles durcheinander miscirt setze es in ein irdene wolbeschlagene Retorten. Nota:
        jedoch soll man auff 1. mahl über 6 lb. nicht einsetzen nemblich 1. und ein halb Pf. nitri,
        und 3. und ein halb Pf. Terra calcinatae; distilla wie ein [CZ: Königswasser] in dem
        Recipienten, schlage vor 2. Pf. distillirt Regen[CZ: Wasser] daß sich die gantz roth
        herüber-gehende Spiritus darein schlagen und nidersetzen und muß der Recipient wol verlutiert
        seyn daß gar keine Spiritus verriechen; Wann nun eine distillation wol verricht so laßt
        allemahl den Ofen wol erkalten nehmts caute herauß und serva bene; ist die Retorten gantz
        kanst du sie noch einmahl brauchen alias nova pro nova distillatione accipienda. Ferner neu
        nitrum, und neue calcinirte Erd genommen, priori pondere, distillationes tot fiant, quantum
        nitro distillando sufficiunt : absolutis distillationibus, spiritus collecti una cum [CZ:
        Wasser] imponatur cucurbitae, distilla per alembicum in BM. Nota: man muß aber die Vorlag
        zuvor mit 2 Pf. [CZ: Wasser] abmessen ut observetur spatium [CZ: Wasser] 2. Pf. haec [CZ:
        Wasser] ejicitur ex recipiente, und abstracta a spiritus rite cognoscitur. Quando per dist. in
        baln. abstrahitur, und damit man wissen könne wann das vorgeschlagene [CZ: Wasser] alles
        abdistillirt und in Spir. pur hintertrieben alsdann muß man zu distill.auffhören. Wiewol sich
        die Spir. [CZ: Erde, CZ: Salpeter] nicht gern vom Balneo erheben lassen jedoch geschicht diese
        observation umb besserer nachrichtung willen. Nimm hernach den Kolben ex Balneo, 233 setze ihn
        in Sand wol verlutirt distillire per gradus die Spiritus alle herüber (die Fugen müssen alle
        wol vermacht seyn damit die rothgehende Spiritus nicht verriechen) laß darnach alles wol
        erkalten und verwahre die Spiritus in vase clauso, und in loco frigido, aber das Glaß soll nur
        halb voll seyn damit die Spiritus circuliren können.",N/A,N/A,N/A,N/A,N/A,N/A,N/A,N/A,N/A,N/A,N/A,Nitro;,ausgelaugte Erde calcinieren; Erdsalz und calcinierte Erde vermischen; Verhältnis Erdsalz zu Erde 1:3; keine Kugeln; maximal 6 Pfund pro Ansatz; Mischung in Retorte geben; in Vorlage Wasser; 2 Pfund Wasser; destilliertes Regenwasser; Spiritus geht über; Spiritus rot; Spiritus rektifizieren; Spiritus kühl lagern;,N/A,N/A,N/A,N/A,N/A,N/A,N/A,N/A,N/A,N/A,N/A,N/A,N/A,N/A,N/A,N/A,N/A
g2a4,"A4 Processus D. Michaelis Sendivogii super centrum universi, seu Sal centrale",Zum andern de Sale volatili.,"Thue 6 Pf. Erden in ein beschlagene Retorten
        procedire mit distilliren in allem wie vor mit dem Nitro, und calcinirter Erden beschehen so
        wird mit dem Spiritu ein flüchtiges Sal in einem dunklen Dunst herüber gehen; im Fall im Hals
        sich etwas weisses vom flüchtigen Sale anhängte so thue solches Sal (wann alles wol nach der
        distillation worden) zu dem Spiritu. Nota, in dieser Distillation muß kein Wasser
        vorgeschlagen werden dann die Erde selbst ihr eygene Feuchtigkeit hat darinnen sich die
        Spiritus können niderschlagen; Dieser Distillationen müssen so viel geschehen biß der ander
        Theil der Erden (supra reservata) gantz verbraucht ist: Das [CZ: Caput mortuum] colcothar,
        oder caput mortuum conserva ad partem diligenter pro extractione salis fini, de quo paulo
        infra tractabitur. Omnes supradictos distillationis spiritus, und [CZ: Salz] volatilis sume ex
        curcubita, und distillentur in balneo ad abstrahendum phlegma; dein distilla, und rectifica
        spiritus in arena distilla, recipiente, und juncturis probe occlusis. Hi spiritus NB. gehören
        nicht zu diesem Werck debent autem servari ad partem, quia ad alios usus conducunt.  Caput mortuum, quod in fundo remansetat cucurbitae, imponatur alteri minori cucurbitae, und
        caeco imposito alembico, juncturae peroptime obdurentur: dein posita in arena, forti [CZ:
        Feuer]e urge, und tunc sublimabitur Sal volatile in alembici lateribus ad instar nivis. In
        fundo remanet terra leviscula, hoc accipiatur ad partem. Sal volatile, quod ascenderat, iterum
        per se sublima und iterentur (quamdiu opus est) sublimationes, ut nullae prorsus faeces sali
        adhaereant. Servetur hoc Sal volatile in vase vitreo distincto, und probe occluso extra aeris
        contactum, alioquin resolvitur in [CZ: Wasser].",N/A,N/A,N/A,N/A,N/A,N/A,N/A,N/A,N/A,N/A,N/A,N/A,N/A,N/A,aus frischer Erde; 6 Pfund Erde; aus Retorte destillieren; kein Wasser vorlegen;,N/A,N/A,N/A,N/A,N/A,N/A,N/A,N/A,N/A,N/A,N/A,N/A,N/A,N/A,N/A
g2a4,"A4 Processus D. Michaelis Sendivogii super centrum universi, seu Sal centrale",Tertius labor. De Sale fixo.,"Terra residua ex distillatione in fundo manens Retortae calcinetur in igne aperto per 12
        horas, ut sit redacta in cineres; affundatur aqua pluvia destillata calidula, und extrahetur
        in aquam sal fixum, filtra extractionem per inclinationem ademptam: affunde novam aquam
        calidam, usque dum in terra nulla salsedo remaneat extrahenda, quod ex aqua affula, si dulcis
        remanet, observatis, und dignosces: terra haec, quae remanet, vocatur terra maledicta, und
        damnata, hanc abjice, quia nullius est usus in opere. Extractiones omnes filtra, und coagula,
        usque dum fiat crystallinum und purissimum. Et sic labor tertius etiam est absolutus. 234",N/A,N/A,N/A,N/A,N/A,N/A,N/A,N/A,N/A,N/A,N/A,N/A,N/A,N/A,N/A,"bereits verwendete Erde calcinieren; Extraktion mit Wasser; destilliertes Regenwasser; Extrakt reinigen; Reinigen mit mehrmaligem Lösen, Filtrieren, Koagulieren und Auskristallisieren;",N/A,N/A,N/A,N/A,N/A,N/A,N/A,N/A,N/A,N/A,N/A,N/A,N/A,N/A
g2a4,"A4 Processus D. Michaelis Sendivogii super centrum universi, seu Sal centrale",Trium Salium conjunctio,"[Recipe] Sal fixum und volatile,
        simul junge, affunde spiritum nitri desuper, und simul uniuntur, und resolvuntur in aquam; und
        haec aqua est Mercurius triumphans Philosophorum. Haec aqua resolvit omnia metalla, gemmas und
        c. quia est menstruum universale, und est [CZ: Wasser] pure ignea. Nota pondera. Spiritus
        nitri bis rectificati drachmas cinque. Salis fixi decies purificati per solutionem und
        coagulationem drachmam semis. Salis volatilis bis vel ter rectificati per sublimationem
        reiteratam grana 15. misceantur. Aliam ponderum descriptionem vide in simili de l[iquore]
        minerali sale rubeae terrae, oleo vel [CZ: Gold] potabili solari apud Paracelsum in Thesauro
        Thesaur. fol. mihi 364. his verbis: [Recipe] liquoris mineralis part. 4. Salis rubeae part. 2.
        sulphur solis part 1.",N/A,N/A,N/A,N/A,N/A,N/A,N/A,N/A,N/A,N/A,N/A,N/A,N/A,N/A,N/A,N/A,Nein;,N/A,"Sal Volatile, Sal Fixum und Spiritus zusammengeben;",Mercurius Triumphans Philosophorum; Menstruum Universale;,N/A,N/A,N/A,N/A,N/A,N/A,N/A,N/A,N/A,N/A
g2a4,"A4 Processus D. Michaelis Sendivogii super centrum universi, seu Sal centrale",Compositio operis universalis.,"[Recipe] Vorgehendes Mercurii und Menstrui universalis philosophici partes decem in einem
        kleinen Kolben darein thue [CZ: Gold] corporis, purgati naturalis, und compacti part. un. [CZ:
        Gold] confestim solvitur in menstruum, und terra quandam videbis post solutionem fundum vasis
        petiisse, quando vas und solutione bene obduratum per biduum vel triduum in moderato calore
        una cum solutione pro digestione collocatum fuerit: tunc exime, und cola durch ein
        Trächterlein in phiolam vitream capacem, ita ut tantum tertia phiolae pars impleatur: Dein
        phiolam hermetice sigilla, und pone in Athanor in die innerste Kugel.",N/A,N/A,N/A,N/A,N/A,N/A,N/A,N/A,N/A,N/A,N/A,N/A,N/A,N/A,N/A,N/A,N/A,N/A,N/A,N/A,N/A,Qualität des Goldes; natürliches Gold; Verhältnis Gold : Menstruum Universale 1 : 10; Gold löst sich auf; Abfiltrieren; Goldlösung in Phiole überführen; Phiole hermetisch sigillieren;,3 Kugeln; 1. Kugel die größte; 2. Kugel voller Löcher; 3. Kugel Eichenholz;,gefüllte Phiole in Athanor; 1. Phiole in Wasserdampf; 1a. 40-45 Tage im Wasserdampf; 1b. im Wasserdampf Putrefaction; 2. Phiole in Aschebad; 2a: 40 Tage im Aschebad; 2b: im Aschebad Pfauenschwanz; nach Pfauenschwanz grün; 3. Phiole in halben Sandbad; 3a: Phiole schaut aus Sand heraus; 3b: 40-45 Tagen im halben Sandbad; 3c: zuerst im halben Sandbad Weiß; 3d: weitere 30 Tage im halben Sandbad; 3e: im halben Sandbad jetzt Gelb; 4: Phiole komplett im Sandbad; 4a: Zeit unbestimmt; 4b: im kompletten Sandbad Rot; 4c: im kompletten Sandbad in der Mitte Rubinkorn; Rubinkorn ist Linsengroß; 4d: im kompletten Sandbad außen rotes Pulver; 5: rotes Rubinkorn entnehmen;,N/A,N/A,N/A,N/A,N/A,N/A
g2a4,"A4 Processus D. Michaelis Sendivogii super centrum universi, seu Sal centrale",Usus Athanoris,"Im Athanor seynd 3 Kugeln die erste ist die größte und ganz. Die
        andere oben auff gelöchert daß der Dampff vom warmen Wasser hindurch tringen möge. Die dritte
        ist die hölzerne eichene Kugel in der innern Kugel beschicht die putrefaction im vaporischen
        [CZ: Feuer] und muß in der innersten Kugel allzeit Wasser seyn so lang die putrefaction durirt
        und wäret: im Fall das [CZ: Wasser] abgehet gießt man ein anders warmes darzu und wäret dieser
        gradus putrefactionis biß 40 und 45 Tag in welchem gradu sich die Schwärtze erzeigt. Wann aber
        die putrefaction vorüber so nimm die hölzerne Kugel hinweg (dann man bedarff zu diesem Werck
        kein Wasser mehr) thue in die andere oben gelöcherte Kugel subtile Aschen setze das Glaß
        darauf nach dem Athanor zu laß die Lanzen oder Feuer temp rate fortgehen daß die Hize nicht
        stärcker sey als daß mans mit einem Finger erleiden möge so werden sich intra dies quadraginta
        omnis generis colores erzeigen pavonis caudae, und sub finem color adinstar viridis. Postea
        Excime ex cineribus vitrum tuum, amove globum perforatum, und cinere inferiore ex parte
        repletum: mitre in primam und majorem Kugel arenam subtilem, impone 235 phiolam arenae, ita ut
        arena contegat materiam in phiola inclusam, occlude athanor: vigora ignem in tali gradu, ut
        digitis calorem sustinere non valeas, und post 40 vel 45 dies apparebit albedo. Prosequere in
        hoc gradu [CZ: Feuer], und post dies alios triginta materia flavescet. Demum mitte phiolam ad
        fundum arenae, und continua ignem, usque dum materia und pulvis rubescat, und in medio granum
        ad instar rubini rubicans magnitude lentis appareat: hoc signum bene observa, quia hoc granum
        est semen [CZ: Gold]lis. Pulverem rubicundum, qui in circuitu hujus grani est, separatim
        accipe, quia non est aptum ad opus, granum autem rubino simile cum magna cautela accipe, und
        conserva, cum hoc grano procedas, ut sequitur.",N/A,N/A,N/A,N/A,N/A,N/A,N/A,N/A,N/A,N/A,N/A,N/A,N/A,N/A,N/A,N/A,N/A,N/A,N/A,N/A,N/A,N/A,N/A,N/A,Goldsamen;,Secunda Compositio;,N/A,N/A,N/A,N/A
g2a4,"A4 Processus D. Michaelis Sendivogii super centrum universi, seu Sal centrale",Compositio magni operis.,"[Recipe] hoc granum rubicundum, quod est [CZ: Gold]
        Philosophorum vivum, pondera valde attente und diligenter. Appone partes decem ponderi de
        menstruo Philosophico superius facto, impone phiolae, quae tres partes habeat vacuas, und unam
        partem solum a materia occupatam. Sigilla hermetice, pone in Athanor, und procede, ut
        sequitur. Primo thue das Glaß in Athanor in die eichen Kugel procedir damit wie in der ersten
        Arbeit geschehen und wann innerhalb 40 oder 45 Tagen die Schwärtze kommt so thue die eichene
        Kugel hinweg mit sampt dem Wasser setze das Glaß in die gelöcherte Kugel in cineres in die
        Aschen occlude Athanor spatio x. dierum, apparent omnis generis colores, vel cauda pavonis,
        und sub finem color viridis. Dein remove diese Kugel und mitte arenam in globum primum,
        occlude Athanor, und da ignem usque dum albescat (ut supra,) und post sequentes 30 dies
        ejusdem gradus flavescat. Setze das Glaß endlich zum understen in den Sand gib [CZ: Feuer] so
        lang biß das Pulver schön roth durchsichtig wird: geschicht ungefähr circiter inter 40 Täg
        darnach probier ein wenig auff einem glüenden silbernen Blech obs rauchet oder fliesset ad
        instar cerae, si fumaret, iterum vas pone ad inferiorem partem arenae, usque dum continuato
        und vigorato igne optime sit fixum, und fluat absque fumo.",N/A,N/A,N/A,N/A,N/A,N/A,N/A,N/A,N/A,N/A,N/A,N/A,N/A,N/A,N/A,N/A,N/A,N/A,N/A,N/A,N/A,N/A,N/A,N/A,N/A,N/A,auf glühendem Silberblech;,Verhältnis Rubinkorn : Menstruum Universale 1 : 10; im Athanor durch alle Farben; schnellere Wiederholung der ersten Operation; mehrfache Multiplikation; nach 1. Multiplication kann die Tinktur 10 Teile tingieren; jede Multiplikation verzehnfacht die Kraft der Tinktur;,N/A,N/A
g2a4,"A4 Processus D. Michaelis Sendivogii super centrum universi, seu Sal centrale",Multiplicatio.,"[Recipe] pul. fix. part. un. menstr. suprad. part. x. impone
        phiolae, subito hermetice sigellitur, ponatur in Athanor, und in globo quercino, spatio 3.
        dierum apparebit nigredo. Dein in sphaera 2da perforata post triduum cauda pavonis usque ad
        viriditatem: demum in ultimo globo in arena intra triduum similiter rubedo. Hic labor, und
        multiplicatio potest bis, ter, usque in infinitum iterari eodem plane labore juxta placitum.",N/A,N/A,N/A,N/A,N/A,N/A,N/A,N/A,N/A,N/A,N/A,N/A,N/A,N/A,N/A,N/A,N/A,N/A,N/A,N/A,N/A,N/A,N/A,N/A,N/A,N/A,N/A,N/A,N/A,N/A
g2a4,"A4 Processus D. Michaelis Sendivogii super centrum universi, seu Sal centrale",Fermentatio.,"So wird die erste multiplication, so man deß Pulvers 1 thl. auff 10 thl. [CZ: Gold] fein so
        im Fluß stehen muß wirfft und wieder außgiest quod aurum est frangibile brüchig und wanns zu
        kleinem Pulver gestossen wird und alsdann 1 Theil deß 236 zusammengeflossenen Golds auf X.
        thl. Mercurii vulgi, wann er in einem Tigel überm Feuer erwarmet und beginnet zu rauchen,
        injectum statim X partes [CZ: Quecksilber]ii, ex una parte pulveris [CZ: Gold] fermentati
        injecti transmutantur in purum aurum, und in prima multiplicatione una parts 100. in tertia
        vero mille, in 4ta x, millia, in 5ta 100000. centum millia, und sic deinceps. Notandum, quod medicina haec benedicta, vel pulvis rubeus fixus, vel tinctura non debeat
        tota supra fermentum vel corpus auri, sed aliqua pars ejus debet conservari absque fermento,
        ut possit multiplicari in qualitate, quando opus fuerit. Hunc errorem Sendivogius sub
        principium commiserat, quia pulvis semel fermentatus nunquam amplius potest multiplicari.
        Benedict. Un. Trin. DEUS.",N/A,N/A,N/A,N/A,N/A,N/A,N/A,N/A,N/A,N/A,N/A,N/A,N/A,N/A,N/A,N/A,N/A,N/A,N/A,N/A,N/A,N/A,N/A,N/A,N/A,N/A,N/A,N/A,multiplizierte Tinktur und Gold; Verhältnis Tinktur : Gold = 1 : 10; Gold und Tinktur schmelzen; Gold wird brüchig; Gold zu Pulver stoßen;,fermentiertes Goldpulver und Quecksilber; 1 Teil fermentiertes Goldpulver und 10 Teile Quecksilber in Schmelztiegel; Resultat: reines Gold;
g1a5,A5 Praeparatio salis nitri ex terra virginea altera,[Start of Document],,N/A,N/A,N/A,N/A,N/A,N/A,N/A,N/A,N/A,N/A,N/A,N/A,N/A,N/A,N/A,N/A,N/A,N/A,N/A,N/A,N/A,N/A,N/A,N/A,N/A,N/A,N/A,N/A,N/A,N/A
g1a5,A5 Praeparatio salis nitri ex terra virginea altera,A5 Praeparatio salis nitri ex terra virginea altera,236 [...],N/A,N/A,N/A,N/A,N/A,N/A,N/A,N/A,N/A,N/A,N/A,N/A,N/A,N/A,N/A,N/A,N/A,N/A,N/A,N/A,N/A,N/A,N/A,N/A,N/A,N/A,N/A,N/A,N/A,N/A
g1a5,A5 Praeparatio salis nitri ex terra virginea altera,"Praeparatio
            salis nitri ex terra virginea altera","Lasset Euch machen etliche Fässer wie die Salpetersieder haben und mit Stöckhölzern und
        Zapffen lasset auch einer Hand hoch fein rein und saubers Strohe fest übereinander auff die
        Stöckhöltzer legen schüttet die Wasser-Fässer voll reiner Erden auß einer reinen feisten
        Laim-Gruben die nicht steinig sondern fein fett ist geust oben darauff rein kaltes Wasser
        allerdings wie es die Salpetersieder machen lasset es 24. t. u. n. darauff stehen damit es das
        reine [CZ: Salz] auß der Erden in sich ziehe darnach lasset das Saltz-Wasser unden beym
        auffgemachten Zapffen langsam abtreiffen in ein anders höltzenes Gefäß und machet solcher
        Erden-Laugen eine gute quantität. Wann nun der selben Laugen eine gute quantität vorhanden so
        lasset sie in einem eingemauerten Kessel einsieden biß der Kessel 8. oder 10. mahl wol
        eingesotten. Notandum, damit niemahlen über den halben Theil des Kessels gute Laugen übrig zu
        verletzen so schöpffet man die Laug herauß in einen andern Kessel der in die frische kalte
        Erden soll eingegraben seyn und lästs also etlich Tag kühl und unbewegt stehen so wächst das
        reine Erd-Salz im Kessel an wie ein anders nitrum; dasselbige muß man folgends mit solviren
        coaguliren und so offt reinigen und läutern biß es schön durchsichtig und cristallisch worden
        das heisset dann Sal nitri terrae Philosophorum [CZ: Salpeter] nostrum, welches in mari der
        Welt schwebet das Wasser so die Händ nicht netzet ohne welches in der Welt nichts gebohren
        oder gezeuget werden kan. Und also habt ihr das Secretum omnium Philosophorum in euren Händen
        und die Brunnquell oder arcam in naturae, darinnen der obengemeldete Spiritus naturae und
        mundi universalis häuffig verborgen stecket darauß Leben und Gesundheit herfleust; proinde, ut
        inferius latius.",N/A,N/A,N/A,Lehmgrube;,fette Erde;,ohne Steine;,N/A,N/A,N/A,Holzfass; wie Salpetersieder; Fass mit Stellhölzern; Fass mit Zapflöchern; Stroh auf die Stellhölzer; kaltes Wasser; 24 Tage stehen lassen;,Kessel; Sieden; Wiederholung 8-10 Mal; Nach Einsieden stehen lassen; Salz kristallisiert aus; Salz wird gereinigt;,"Sal nitri terrae Philosophorum; Wasser, dass die Hände nicht netzt; Secretum omnium Philosophorum;",N/A,N/A,N/A,N/A,N/A,N/A,N/A,N/A,N/A,N/A,N/A,N/A,N/A,N/A,N/A,N/A,N/A,N/A
g1a5,A5 Praeparatio salis nitri ex terra virginea altera,Modo intrabimus laboratorium chymicum.,"Dieses unser [CZ: Salz] nitri, terrae
        virgineae, ob es wol dem Ansehen nach nur ein Ding zu seyn scheinet hat es 3. unterschiedliche
        salia in sich dann vor sich selbsten ist es ein köstlich und Philosophisches [CZ: Salpeter]
        darinnen der Spiritus mundi steckt nicht gar fix sondern mittelmäßiger Natur. Zum Andern hat
        es in sich ein Sal armoniacum oder vola- 237 tile. Zum Dritten steckt auch in ihm ein Sal
        alcali oder Sal fixum. Also ist es dreyerley und imitirt seinen Schöpffer in diesem Puncto,
        welches alles mediante [CZ: Feuer]te in praeparatione sequenti modo instituenda manifestatur.",N/A,N/A,N/A,N/A,N/A,N/A,N/A,N/A,N/A,N/A,N/A,N/A,N/A,N/A,N/A,N/A,N/A,N/A,N/A,N/A,N/A,N/A,N/A,N/A,N/A,N/A,N/A,N/A,N/A,N/A
g1a5,A5 Praeparatio salis nitri ex terra virginea altera,Praeparatio Spiritus und salis volatilis e sale Nitri nostro.,"[Recipe]. Salis nostro lib un pulveriza subtiliter, tenere, und misch darunter 3 thl. vel
        libras propriae suae terrae, exqua sal extractum fuit: haec porro terra post salis
        extractionem debet in furno figuli bene calcinari, macht hernach aus der Erden und dem Saltz
        Kügelein darauß cum inspersione tantillum aquae destillatae purissimae, desiccentur bene,
        imponantus retortae forti fictili per gradus ignis in recipientem, in quo prius sit imposita
        aquae destillatae libra una, quando spiritus transiverint, sub finem vigorabis ignem
        vehementius, und sublimabitur sal volatile partim in recepiente, partim in collo retortae.
        Sine refrigescere vasa und fornacem. Misce spiritus, und sal volatile, quod sublimatum est in
        recepientem. Iterato accipe nitro nostri lib. un. und terrae nostrae desiccatae, und bene
        calcinatae lib. tres. Iterum destillata, und repete also viel Bränd als du wilt. Et collige
        spiritum destillatum, und sal volatile insimul dilligenter. Capita mortua similiter, serva ad
        partem omnia pro ulteriori usu. Spiritus omnes und totum sal volatile permixta impone in
        cucurbita salis capaci: separa phlegma in balneo leni a spiritibus: phlegma serva ad partem:
        Deinde cucurbitam pone in cineribus, vel arena, rectificata distillando spiritus per
        alembicum, und hanc rectificationem in cineribus reitera aliquotes: conserva spiritus
        rectificatos in vase amplo tantum ad medietatem pleno, und bene orificio occluso pone ad locum
        frigidum. Sal volatile, quod in fundo remansit cucurbitae, in qua rectificationes sunt factae,
        sublimetur igne fortiore in cineribus, vel arena; sublimatio per se reiteretur aliquotes,
        usque dum nullas post se faeces derelinquat. Hunc salem sublimatum in vitro probe occluso
        serva in loco calido.",N/A,N/A,N/A,N/A,N/A,N/A,N/A,N/A,N/A,N/A,N/A,N/A,ausgelaugte Erde calcinieren; Erdsalz und calcinierte Erde vermischen; Verhältnis Erdsalz zu Erde 1:3; mit etwas destillierten Wasser; Kugeln herstellen; Mischung in Retorte geben; in Vorlage Wasser; 1 Pfund Wasser; destilliertes Wasser; per Gradus destillieren; Spiritus geht über; Sal volatile geht über; Spiritus und Sal volatile vermischen; vermischter Spiritus und Sal volatile in Gefäß gut verschlossen; Mischung aus Spiritus und Sal volatile warm lagern;,N/A,N/A,N/A,N/A,N/A,N/A,N/A,N/A,N/A,N/A,N/A,N/A,N/A,N/A,N/A,N/A,N/A
g1a5,A5 Praeparatio salis nitri ex terra virginea altera,Praeparatio [CZ: Salz] fixi.,"Accipe capita mortua omnia, calcinentur iterum valido igne in furno figuli vellaterum,
        usque dum redacta sint in cineres. Exinde per [CZ: Wasser] distillatam calidam extrahe totum
        [CZ: Salz] fixum, purificetur solvendo, filtrando, coagulando ad summum puritatis gradum.",N/A,N/A,N/A,N/A,N/A,N/A,N/A,N/A,N/A,N/A,N/A,N/A,N/A,N/A,N/A,"bereits verwendete Kugeln calcinieren; calcinierte Kugeln zermörsern; Extraktion mit Wasser; destilliertes warmes Wasser; Extrakt reinigen; Reinigen mit mehrmaligem Lösen, Filtrieren, Koagulieren und Auskristallisieren;",N/A,N/A,N/A,N/A,N/A,N/A,N/A,N/A,N/A,N/A,N/A,N/A,N/A,N/A
g1a5,A5 Praeparatio salis nitri ex terra virginea altera,Sequitur conjunctio trium principiorum Philosophice praeparatorum,"Hactenus habuistis corpus animam, und spiritum benedicti nostri lapidis, separata, und
        unumquodque horum seorsim per se in tali gradu tam perfecto, und eminente, ad quem in praevia
        hacce praeparatione per artem pyrotechniae potuit perduci, und a suis heterogeneis, und
        annexis maledictionibus primordiablibus liberari. In subquentibus 238 laboribus tria principa
        depurata perfectissime reunietur; und ex tribus unum denuo per artem constituetur, hoc modo:
        In nomine Domine Jehova; [Recipe] tuum volatilem und fixum salem, quantum hujus confectisti,
        con ungantur, und misceantur, und pulverizentur in minutissimum pulverem; deinde pone in
        cucurbita ampla satis und alta, und guttatim superaffunde purificatum superius spiritum nitri
        nostri paulatim, obduretur optime imposito caeco alembico orificium, und juncturae
        cucurbitae,und ponatur ad digestionem lenem, und haec tria principia amicabiliter reunietur,
        und efficientur una aqua. Quodsi in hac aqua 3 principiorum resolutorum faeces adhuc quaepiam,
        vel terra albicans ad vasis fundum dimisisse conspicerentur, hanc terram faecesque cum
        diligentia magna ab [CZ: Wasser] separabis. Tunc in secreto cordis tui laetere, und benedic
        altissimum noctu diuque, quod ad ralem terminum labores tuos deducere benigne voluerit. Quia
        profecto habes veram und secretissimam totius Philosophiae und naturae clavem, in tua
        potestate manibusque tuis; cum qua clave omnes portas, und seras occlusas omnium metallorum,
        mineralium, gemmarumque, und lapidum, und intrinsecum arcanissimum reconditorium, thesaurumque
        naturae reservare, und aperire pro lubitu poteris. Dann dieses [CZ: Wasser] ist das warhaffte
        Menstruum universale, vera aqua vitae cum qua omnia metalla, und specialiter, aurum
        lubentissime se uniunt, und conjungunt. Aurum enim in hac aqua renovatur, und rejuvenescit ad
        instat aquilae. Hac est illa aqua, welches alle Metall qui in sua compacta als ohnmächtig und
        halb todt seynd wiederumb erquicket und lebendig machet. Haec Aqua est vera Fontina Bernhardi
        Trevisani, darinn sich alle Metalla, absonderlich aber der König gern badet. Es ist ihr rechte
        Mutter von dem sie anfänglich alle herkommen und in dero Leib sie wiederumben mit Freuden
        eingehen und also zum andern Leben wiederumb gebohren werden. Haec Aqua est Basilii, unum, in
        quo omnia in omnibus, alles in allem dann es ist alles weil alles in ihm steckt und alles auß
        ihm herkommt; und weilen es das Esse allen Dingen gibt und auch das verum Esse aller Dinge ist
        also ist es billich Alles. Es ist unsere Philosophische Milch welche durch das Metallische
        coagulum [CZ: Gold] solis dick gemacht und zu einem hartem Philos. Käse wird.",N/A,N/A,N/A,N/A,N/A,N/A,N/A,N/A,N/A,N/A,N/A,N/A,N/A,N/A,N/A,N/A,Nein;,N/A,"Sal Volatile im Mörser fein reiben; Sal Fixum im Mörser fein reiben; Sal Volatile, Sal Fixum und Spiritus zusammengeben;",Menstruum Universale; das rechte Wasser des Lebens; die rechte Fontina; unsere Philosophische Milch;,N/A,N/A,N/A,N/A,N/A,N/A,N/A,N/A,N/A,N/A
g1a5,A5 Praeparatio salis nitri ex terra virginea altera,Conjunctio fermenti [CZ: Gold]is cum [CZ: Wasser] nostra,"Dictum est, Rex noster [CZ: Gold] se libenter cum [CZ: Wasser] nostra uniat, und in eadem
        rejuvenescat sicuti aquila. Modus, quo id fieri oportet, in sequentibus exponitur. [Recipe]
        auri purgati und mundi part. un. Nostrae autem superbened. Aquae Mercurialis part. x.
        Imponantur simul conjuncta in cucurbita competentis magnatudinis, und confestim aqua nostra
        [CZ: Gold]em suaviter und naturaliter resolvet. Ponatur per unam diem und noctem bene obdurato
        vitro ad digestionem per se: deinde separa terram, quae in fundo vitri confedit. Reliquam
        solutionem immitte in phiolam vitream fortem tam magnam, uttres partes ejusdem vacuae
        remaneant, und unica solum a materia occupetur, sigille- tur hermetice, und in dei nomine pone in
        Athanor oder Digerir-Offen. Et sub principium administra ignem vaporosum per totum tempus
        putrefactionis, quod intra 40. und 50. dies fieri in opere solet. Deinde mitte phiolam cum
        materia in cineres, und da ignem paulo fortiorem, ut imitetur calorem solis in aestate, und
        per 50. dies hujus gradus diversi colores apparebunt. Dein mitte vitrum in arenam, ita tamen
        ne totum omnino vas arena contegatur, sed paulo minus medietate, und ignis augeatur per alios
        50. dies circa quorum finem apparebit Diana Philos. vel Luna albicans. Sed pulchritudo hujus
        Deae non tantum tibi placeat, ut a labore cesses, quimimo continua hunc gradum ignis, und
        intra 30. dies materia tota flavescet. Postea phiolam sepeli, und cooperias in fundum arenae,
        und magis vigora ignem per 40. dies, und materia tota rubescet. In cujus medio videbitur, und
        invenietur lapis lucidus, Rubini forma, qui est Phaenix noster Philosophicus ignem superans,
        und in illo gaudens, qui ex pulvere circumjacente tanquam pullus tenelius ex testa ovi sui
        prodit, und in forma grani rubini lapilli se conspiciendum exhibebit, und natus erit Rex
        Sanctitatis und thesaurorum. [Recipe] dein hoc granum rubinum und separa illud a residuo
        pulvere rubeo circumjacente, tanquam a suis excrementis, quae in interiore sua radice
        haeserant, latebanque. Und hat sie in dieser pur lautern Nacharbeit die Natur selber (weilen
        es der Kunst unmöglich gewesen) per minima separirt und geschieden. Und habt ihr allhier augenscheinlich zu sehen daß es nicht alles lauter lapis oder Tinctur
        wird was man in der Nacharbeit einsetzet sondern die verständige Natur scheidet nur das
        allerreineste quintum esse davon und lässet die faeces und die Sulphura heterogena ligen
        dieselbe must du hinweg thun das reine rubine granum aber verwahre wol als einen theuren
        Schatz dann es ist das warhaffte höchst-gereinigte Quintum Esse, und Semen Auri: das rechte
        tingirende Gold-Körnlein und ein solches liebliches kräfftiges Füncklein mit welchem ihr ein
        unaußlöschliches [CZ: Feuer] und immerwärenden Reichthumb und Gesundheit auch reinen
        Verstandes anzünden könnet und vermittels wiederholter imbibition und coagulation vermehren
        möget ut sequitur.",N/A,N/A,N/A,N/A,N/A,N/A,N/A,N/A,N/A,N/A,N/A,N/A,N/A,N/A,N/A,N/A,N/A,N/A,N/A,N/A,N/A,Qualität des Goldes; natürliches Gold; Verhältnis Gold : Menstruum Universale 1 : 10; Gold und Menstruum Universale in Kolben; 24 Stunden Digestion; Gold löst sich auf; Abgießen; Goldlösung in Phiole überführen; Phiole zu zwei Drittel leer; Phiole hermetisch sigillieren;,N/A,gefüllte Phiole in Athanor; 1. Phiole in Wasserdampf; 1a. 40-50 Tage im Wasserdampf; 1b. im Wasserdampf Putrefaction; 2. Phiole in Aschebad; 2a: 50 Tage im Aschebad; 2b: im Aschebad Pfauenschwanz; 3. Phiole in halben Sandbad; 3a: Phiole schaut aus Sand heraus; 3b: 50 Tage im halben Sandbad; 3c: zuerst im halben Sandbad Weiß; 3d: weitere 30 Tage im halben Sandbad; 3e: im halben Sandbad jetzt Gelb; 4: Phiole komplett im Sandbad; 4a: 40 Tage im kompletten Sandbad; 4b: im kompletten Sandbad Rot; 4c: im kompletten Sandbad in der Mitte Rubinkorn; 4d: im kompletten Sandbad außen rotes Pulver; 5: rotes Rubinkorn entnehmen;,Goldsamen;,N/A,N/A,N/A,N/A,N/A
g1a5,A5 Praeparatio salis nitri ex terra virginea altera,Sequitur Multiplicatio,"[Recipe], hujus tuae medicinae partam unam, aquae nostrae partes x. impone phiolae
        sigillatae, und solutum transeat per colores ut supra usque dum sit fixissimum und
        rubicundissimum. Haec multiplicatio potest repeti, quam diu placuerit, und semper lapis in
        virtute augmentatur. es ist einerley Composition, einerley Process und Arbeit einmahl wie das
        ander nur daß es an der Zeit allemahl kürzer wird und viel ehender absolvirt wird wie öffter
        ihr ihn mit seinem eygenen Wasser begiesset solvirt und coagulirt und wanns also weit gebracht
        so ists hernach ein Kurtzweil und Kinderspiel: semper tamen tibi reserva partem tincturae pro
        multiplicatione, und sic poteris in infinitum operari, und non opus habebis opus ab initio
        repetere. In prima multiplicatione (post NB. factam debitam fermentationem,) prima una pars
        tingit x, in 2da, 100, in 3tia, 1000, in 4ta, x.mille, und sic consequenter in infinitum. Nur
        jedesmahl unam partem tincturae cum x. partibus menstrui solvirt und coagulirt.",N/A,N/A,N/A,N/A,N/A,N/A,N/A,N/A,N/A,N/A,N/A,N/A,N/A,N/A,N/A,N/A,N/A,N/A,N/A,N/A,N/A,N/A,N/A,N/A,N/A,N/A,N/A,Verhältnis Rubinkorn : Menstruum Universale 1 : 10; in Phiole überführen; Phiole verschließen; im Athanor durch alle Farben; schnellere Wiederholung der ersten Operation; mehrfache Multiplikation; jede erneute Multiplikation ist schneller als die vorige; nach 1. Multiplication kann die Tinktur 10 Teile tingieren; jede Multiplikation verzehnfacht die Kraft der Tinktur;,N/A,N/A
g1a5,A5 Praeparatio salis nitri ex terra virginea altera,Conclusio,"Also habt ihr den gantzen Process der wahrhafften Universal-Tinctur,
        ohne einigen defect, vom anfang biß zu dem ende deutlich und teulich geoffenbahret. Utamini
        illo ad Dei gloriam, ad misericordiam proximo faciendam, ad propriam conservationem, und in
        secreto cordis und oris conserva magnum Dei und naturae hocce mysterium: cui sit laus, honor,
        benedicto und imperium in aeterna secula. Amen.",N/A,N/A,N/A,N/A,N/A,N/A,N/A,N/A,N/A,N/A,N/A,N/A,N/A,N/A,N/A,N/A,N/A,N/A,N/A,N/A,N/A,N/A,N/A,N/A,N/A,N/A,N/A,N/A,N/A,N/A
g1a6,"A6 Praeparatio Salis Terrae, seu Salpetri nostri e Terra Virginea",[Start of Document],,N/A,N/A,N/A,N/A,N/A,N/A,N/A,N/A,N/A,N/A,N/A,N/A,N/A,N/A,N/A,N/A,N/A,N/A,N/A,N/A,N/A,N/A,N/A,N/A,N/A,N/A,N/A,N/A,N/A,N/A
g1a6,"A6 Praeparatio Salis Terrae, seu Salpetri nostri e Terra Virginea","A6 Praeparatio Salis Terrae, seu Salpetri nostri e Terra Virginea",121 [...],David Beuther;,N/A,N/A,N/A,N/A,N/A,N/A,N/A,N/A,N/A,N/A,N/A,N/A,N/A,N/A,N/A,N/A,N/A,N/A,N/A,N/A,N/A,N/A,N/A,N/A,N/A,N/A,N/A,N/A,N/A
g1a6,"A6 Praeparatio Salis Terrae, seu Salpetri nostri e Terra Virginea","Praeparatio Salis Terrae, seu Salpetri nostri Philosoph e Terra Virginea","Im Monath May wenn der Himmel klahr helle und rein auch das Gewitter
        fein stille ohne Wind und Regen auch die Lufft voll liebliches Geruchs daß gleichsam die Lufft
        wenn man darein siehet von lieblichen Dämpffen dünstet und rauchet so soll man des Morgens
        frühe bey der Sonnen Auffgang auff eine schöne Wiese gehen wo recht gute schwartze fette Erde
        viel besser aber rothe gelbe oder bolarische so von Natur schöne Kräuter und Blumen zu tragen
        pfleget in specie Klee die rothe und gelbe Erde in den Weinbergen ist auch sehr köstlich auch
        in den Leimen-Gruben wenn sie nur nicht Sandig ist. Grabe etliche Centner schütte sie von
        einander damit das Gestirne wohl darinne würcken möge; Diese soll man also 14 Tag und Nächte
        liegen lassen sollte aber Regen einfallen muß man sie mit Stroh wohl bedecken bis das Wetter
        wohl wieder klahr. Nach verflossenen 14 Tagen thue die Erde in Fässer und bedecke sie wohl.
        Nach diesen soll man etliche Fässer wie die Seiffensieder haben machen lassen und die Erde mit
        kaltem Wasser auslaugen (ich halte warm sey besser ) laß es 24 Stunden also 122 stehen hernach zapffet es ab und lasset es alles einsieden bis zum 4ten Theil lasset es etlich
        Tage stehen und anschiessen ist wie Salpeter brennet aber so nicht. Diese solvire und filtrire
        und coagulire cum Aqua Pluviali so offte bis es schön rein wird. Das heisset hernach Sal
        Terrae vel Salpeter Philosophorum vel Sal naturae virgineum, welches im Meere der Welt
        schwebet manus non made faciens. Dieses ist nun das hohe Secretum Philosophorum, darinne der Spiritus mundi universalis
        häuffig verborgen ist. Dieses heisset ein Weiber-Werck weil diese gleichsam mit Laugen machen
        Waschen und Kochen umgehen. Sal hoc naturae, so zwar ein eintziges Ding zu seyn scheinet so
        hat es doch 3 unterschiedliche Salia in sich denn vor sich selber ist es erstlich ein Sal
        universale Salpetri naturae et Terrae, darinnen der Spiritus mundi häuffig wohnet nicht
        flüchtig und nicht gar fix, sondern hat eine Mittel Natur an sich vors andere hat es ein
        Salarmoniacum vel Volatile an sich drittens steckt in ihm ein Alcali und sal fixum, ist also
        dreyeinig und wird auff nachfolgende Weise offenbahr.",N/A,N/A,Mai; klarer Himmel; kein Wind; kein Regen; früh morgens; bei Sonnenaufgang;,schöne Wiese; Wiese mit Blumen; Wiese mit Kräutern; Wiese mit Klee; Weinberge; Lehmgrube;,fette schwarze Erde; rote Erde; gelbe Erde; lehmig; bolarisch;,etliche Zentner;,N/A,N/A,Erde ausbreiten; 14 Tage; Einwirkung von Gestirn und Himmel; bei Regen abdecken;,Fass; wie Seifensieder; kaltes Wasser; 24 Stunden stehen lassen;,Sieden; Nach Einsieden stehen lassen; Salz kristallisiert aus; Salz wird gereinigt;,"Sal Terrae; Wasser, dass die Hände nicht netzt; Salpeter Philosophorum; Sal naturae virgineum; Secretum Philosophorum;",N/A,N/A,N/A,N/A,N/A,N/A,N/A,N/A,N/A,N/A,N/A,N/A,N/A,N/A,N/A,N/A,N/A,N/A
g1a6,"A6 Praeparatio Salis Terrae, seu Salpetri nostri e Terra Virginea","Praeparatio Spiritus universalis
            et Salis volat. Salmoniaci e Sale Terrae","[Recipe]. Salis superius praeparati 1 Pfund adde 3 Pf. der eignen Erde woraus das Saltz
        gemacht ist die 123 Erde aber muß im Töpffer-Ofen erst wieder ausgeglüet werden machet mit
        etwas Regen-Wasser Kugeln daraus wie da die Kinder mit spielen (weilen die gerne in der Erde
        scharren wird sie als ein Kinder-Spiel damit compariret ) laßt sie trocknen und destillirt sie
        in einer wohl-beschlagenen Retorte per gradus ignis, igne aperto herüber in eine große Vorlage
        worin etwas reine Wasser vorgeschlagen treibt es zuletzt mit starckem Feuer so sublimirt sich
        theils das flüchtige Saltz in die Vorlage theils auch in den Halß der Retorten, laßt es denn
        gemach erkalten den Spiritum und flüchtige Saltz waschet beydes zusammen in die Vorlage und
        hebet es wohl verbunden fleissig auff. Nehmet denn wieder 1 Pfund Salis, procede ut prius,
        et hoc 4, 5 oder 6 mahl repete, hebet denn den Spiritum und Sal volatile ohne allen Abgang
        fleissig auff diesen Spiritum und Sal volatile hebet zusammen auff in einem grossen gläsernen
        Kolben und separiret im Baln. Mariae die Phlegma davon denn destilliret durch den Sand aus dem
        Kolben auch den Spiritum 6 mahl nach einander allemahl wohl verwahret. NB. Dem Saltze aber so
        im Grunde bleibet gebet starck Feuer so erhebet sich dasselbe in die Höhe und solches
        Sublimiren per se wiederhohlet auch 5 bis 6 mahl daß es werde wie ein Schnee und keine Faeces
        mehr liegen lasse denn wohl verwahret.  Nun nehmet alle Capita mortua, und
        calciniret sie noch 1 mahl im Töpffer-Ofen und ziehet mit destillirten Regen-Wasser das Sal
        fixum daraus 124 reiniget solches auff das höheste und beste bis es schön weiß helle und klahr
        wird wie ein Crystall und keine Faeces mehr hinter sich lässt.",N/A,N/A,N/A,N/A,N/A,N/A,N/A,N/A,N/A,N/A,N/A,N/A,ausgelaugte Erde calcinieren; Erdsalz und calcinierte Erde vermischen; mit etwas Regenwasser; Kugeln herstellen; Mischung in Retorte geben; in Vorlage Wasser; per Gradus destillieren;  Spiritus geht über; Sal volatile geht über; Spiritus und Sal volatile vermischen;,Spiritus und Sal volatile in Retorte; Retorte = Glaskolben; 1. Retorte in Wasserbad; im Wasserbad Phlegma abtrennen; 2. Retorte in Sandbad; 2.1. Spiritus abdestillieren; 2.2. Sal Volatile übersublimieren; 3.1. wiederholtes Übersublimieren des Sal Volatile; 3.2. wiederholtes Rektifizieren des Spiritus;,N/A,bereits verwendete Kugeln calcinieren; Extraktion mit Wasser; destilliertes Regenwasser; Extrakt reinigen;,N/A,N/A,N/A,N/A,N/A,N/A,N/A,N/A,N/A,N/A,N/A,N/A,N/A,N/A
g1a6,"A6 Praeparatio Salis Terrae, seu Salpetri nostri e Terra Virginea",Compositio trium principiorum,"Nun habet ihr Leib Seel und Geist von einander
        geschieden wie es durch die Vor-Arbeit im Feuer zu bringen und also von den Heterogeniis und
        Fluch der Erden befreyet; Nun wollen wir solche zusammen setzen.   [Recipe] Sal. volatilis et fixi, so viel ihr dessen zusammen bekommen reibet es in einem
        gläsernen Mörsel zu einem subtilen Pulver thut es in ein hoch und weit Kolben-Glaß und giesset
        eintzeln euern gereinigten Spiritum e Sale nostro alle mit einander drüber setzet es wohl
        verbunden in eine gelinde Digestion auff warme Asche 8 Tag und Nächte so werden sich solche
        drey gereinigte Principia gar lieblich wieder mit einander vereinigen und alle dreye zu einem
        Wasser werden; Solten sich noch etliche Faeces setzen so separire sie und freue dich in dem
        HErrn denn du hast den rechten Haubt-Schlüssel der Philosophorum in den Händen mit welchem
        alle verschlossene Metalla, Mineralia und Lapides auffzuschließen und in ihre Quint. Essent.
        zu bringen; Denn dieses ist das wahrhaffte Menstruum universale, das rechte Wasser des Lebens
        mit dem sich alle Metallen gerne vereinigen; insonderheit aber das [CZ: Gold] so sich darinne
        verjüngert 125 das Wasser so alle todte Metallen lebendig macht die Fontina, worinne sich alle
        Metallen gerne baden und wieder lebendig werden; Es ist das Bad ihrer Wiedergebuhrt ihre
        rechte prima materia und allereinige liebe Mutter von der sie anfänglich alle herkommen und in
        derer Leib sie wieder mit Freuden eingehen und also zum neuen und bessern Leben wieder
        gebohren werden. Es ist das grosse gesalzene Meer der Welt die Aqua pontica, welches aus der
        Erde die eine allgemeine Brücke ist da jedermann überhin gehet gemacht ist; Und damit es mit
        einem Worte sage es ist Basilii Alles in allem denn in ihm stecket alles und kommt aus ihm
        alles her; Es ist das verum esse aller Dinge; Es ist unsere Philosophische Jungfern-Milch [x].",N/A,N/A,N/A,N/A,N/A,N/A,N/A,N/A,N/A,N/A,N/A,N/A,N/A,N/A,N/A,N/A,Nein;,N/A,"Sal Volatile im Mörser fein reiben; Sal Fixum im Mörser fein reiben; Sal Volatile, Sal Fixum und Spiritus zusammengeben; Mischung digerieren; Digestion im Aschebad; Digestion 8 Tage;",Menstruum Universale; das rechte Wasser des Lebens; die rechte Fontina; das Bad der Wiedergeburt; unsere Philosophische Jungfern-Milch;,N/A,N/A,N/A,N/A,N/A,N/A,N/A,N/A,N/A,N/A
g1a6,"A6 Praeparatio Salis Terrae, seu Salpetri nostri e Terra Virginea","Die Nach-Arbeit und Zusammensetzung des Ferments oder Goldes mit unserem Philosophischen
            Wasser","[Recipe] [CZ: Gold] opt. so 7 oder 8 mahl per Antimon. fusum, feilet es je kleiner je
        besser 1 Theil Aqua Mercurial. 10 Theile thut es zusammen in einen Scheide-Kolben vermachet es
        feste und setzet es Tag und Nacht auff warme Aschen so wird sich das [CZ: Gold] gantz lieblich
        aufflösen; Die Erde so sich in Fundo setzet scheidet davon; das Klahre giesset in eine feste
        Phiole, schmeltzet sie zu und setzet sie in den Athanor, und gebet ihm erstlich Ignis vaporis,
        bis zu seiner Schwärtze  126 quae spatio 40 dierum fit, alsdenn in die Asche und gebet etwas stärcker Feuer daß das
        Glas so warm wie die Sonne des Mittags im Sommer auff den Schieffern eines Daches scheinet so
        werden sich in folgenden 50 Tagen allerley schöne Farben sehen lassen; Hernach setzet es in
        Sand so tieff daß es eines Thalers dicke breit bloß stehe so werdet ihr abermahl in 50 Tagen
        den hellen Schein oder die Dianam sehen; Lasset deßwegen nicht ab sondern continuiret euren
        Gradum ignis, so wird die Materia in 30 Tagen alle gelb werden alsdenn vergrabet das Glaß
        gantz herunter in den Sand und gebet ihm starck Feuer so wird es in 40 Tagen Blutroht werden
        und in der Mitten wie ein hell-leuchtender Rubin so die Natur davon geschieden. Hier siehet
        man daß es nicht lauter Tinctur wird sondern es scheidet die Natur die Heterogenea davon
        dieselbe thut man weg dann sie sind nichts nütze (können doch zu etlichen Scheidungen in
        feinem [CZ: Silber] gebraucht werden.)",N/A,N/A,N/A,N/A,N/A,N/A,N/A,N/A,N/A,N/A,N/A,N/A,N/A,N/A,N/A,N/A,N/A,N/A,N/A,N/A,N/A,Qualität des Goldes; klein gefeiltes Gold; hochreines Gold; durch Antimon gegossen; 7-8 mal durch Antimon gegossen; Verhältnis Gold : Menstruum Universale 1 : 10; Gold und Menstruum Universale in Kolben; Kolben in Aschebad; 24 Stunden im Aschebad; Gold löst sich auf; Abgießen; Goldlösung in Phiole überführen; Phiole zuschmelzen;,N/A,Erzeugung des Rubinkorns:: gefüllte Phiole in Athanor; 1. Phiole in Wasserdampf; 1a. 40 Tage im Wasserdampf; 1b. im Wasserdampf Putrefaction; 2. Phiole in Aschebad; 2a: 50 Tage im Aschebad; 2b: im Aschebad Pfauenschwanz; 3. Phiole in halben Sandbad; 3a: Phiole schaut aus Sand heraus; 3b: 50 Tage im halben Sandbad; 3c: zuerst im halben Sandbad Weiß; 3d: weitere 30 Tage im halben Sandbad; 3e: im halben Sandbad jetzt Gelb; 4: Phiole komplett im Sandbad; 4a: 40 Tage im kompletten Sandbad; 4b: im kompletten Sandbad Rot; 4c: im kompletten Sandbad in der Mitte Rubinkorn;,roter Mercurius Coagulatus;,N/A,N/A,N/A,N/A,N/A
g1a6,"A6 Praeparatio Salis Terrae, seu Salpetri nostri e Terra Virginea",Die Zusammensetzung des Lapidis mit seinem eigenen Liquore.,"Ex Hermete detecto.
        Das Sal Terrae ist recht Magnetisch daß es den Spiritum Aeris nach sich ziehet und ist nach
        dessen Bereitung unser Wasser oder Neptunus, in welchem das [CZ: Gold] zergehet wie Eiß in
        warmen Wasser denn es ist der rechte Schlüssel das [CZ: Gold] auffzuschliessen und seine Seele
        heraus zu nehmen die ein lauter Sal ignis der Natur ist ein gestirn- 127 ter Geist der Drache
        der seinem eigenen Schwantz frisset der unverbrennliche Sulphur, und mercke wenn man in diesem
        Spiritu mundi [CZ: Quecksilber] thut so faulet er mit der Zeit darinnen und hat hernach einen
        Eingang ins [CZ: Gold] denn das [CZ: Gold] selbsten ist auch Spiritus mundi, und rohter [CZ:
        Quecksilber] coagulatus. NB. Es wird ein Bad zugerichtet von unserem Sale Aquae oder Spiritu
        mundi in einem auff 9 Grad erhöheten [CZ: Quecksilber] wie Philalete solches mit 9 Adlern
        andeutet darinnen alle Metallen auff den höhesten Grad gereiniget werden daß es scheinet wie
        die edelsten Perlen. Felix qui potest conficere. [Recipe] Materiam nostr. in hoc aere
        Mercurius Philosoph. et vera Minera Mercurii et Vitrioli et convertitur paucis horis
        in Queck-Metall thue sie in ein Gefäß verbunden putrificire an gelinder Wärme so setzet sich
        unten eine weisse Erde so besser als Edelgesteine. NB. Kan per Balneum Mariae cohobando auch
        in etlichen Tagen in ein Queck-Metall gebracht werden und pflegt sich im Kolben oben
        anzulegen. Materia nostra ist alles in einem Lufft Wasser und Erde zugleich.",N/A,N/A,N/A,N/A,N/A,N/A,N/A,N/A,N/A,N/A,N/A,N/A,N/A,N/A,N/A,N/A,N/A,N/A,N/A,N/A,N/A,N/A,N/A,N/A,N/A,N/A,N/A,N/A,N/A,N/A
g2a7,A7 Labor et praxis Michaelis Sendivogi Poloni,[Start of Document],,N/A,N/A,N/A,N/A,N/A,N/A,N/A,N/A,N/A,N/A,N/A,N/A,N/A,N/A,N/A,N/A,N/A,N/A,N/A,N/A,N/A,N/A,N/A,N/A,N/A,N/A,N/A,N/A,N/A,N/A
g2a7,A7 Labor et praxis Michaelis Sendivogi Poloni,A7 Labor et praxis Michaelis Sendivogi Poloni,"[Recipe] Sandivogi von Maerdet?
        adler 1",Sendivogius; Johann Podowsky; Großschedel;,N/A,N/A,N/A,N/A,N/A,N/A,N/A,N/A,N/A,N/A,N/A,N/A,N/A,N/A,N/A,N/A,N/A,N/A,N/A,N/A,N/A,N/A,N/A,N/A,N/A,N/A,N/A,N/A,N/A
g2a7,A7 Labor et praxis Michaelis Sendivogi Poloni,"Labor et praxis Michaelis Sandivogi Poloni quem eius Laborator Johannes podowski,","Hier ist
        zu wissen, das die Erde aller Sache Samen, wie auch derselben würkung, undt tugendt in sich
        schleust, undt begreift, dann sie ist das subjectum, aller himlischen Stralen, undt
        einflüssen, sie wiert auch von dem Himmel, undt den Elementen geschwengert, undt ist das
        centrum fundament, undt mutter aller ding darauß alles gebohren wiert, dann so sie nach
        gebürlicher reinigung, subtiliert undt undter den freyen Himmel gesezt, sie alß baldtge,
        schwengert undt facumdiert wiert, von den himlischen tugendten undt würkungen, da sie bey sich
        selbst allerlei Kräuter, würm lebendiger tierlein undt metallische fünklein herfür bringt,
        dann in ihr ist, das geheimniß, diße soll man mit [CZ: Feuer] undt [CZ: Wasser] von ihrer
        unsauberkheit reinigen, ihre drei gereinigte principia wieder zusamb setzen, darmit
        philosophischer weiß, alßvolgen wiert procedire, in obgedachter Erde sein drei unterschiedt=
        liche, salia, verborgen primo [CZ: Salpeter] philosophorum so von der Luft durch die [CZ:
        Sonne] und [CZ: Mond] Stralen, undt andere sternen empfangen dann ie mer undt hitziger der
        [CZ: Sonne] undt stern Stralen schiessen, ie mehr Centralischer [CZ: Salpeter] gebohren wiert,
        fürs andere ist der himlische unsichtbare geist der Natur, Nemblich der spiritus mundi in
        einen flüssigen [CZ: Salz] in dißer jungfräullichen Erde verborgen, undt letztlich ist ein
        fixes saltz, als ein receptaculum oder behaltnuß, der vorigen beeden, von gott einpflanzt, daß
        also dise 3 saltz in der Erden ver= borgen, ligen, wie sie herauß zu bringen, folget hernach,        Praxis [Recipe] der rechten Erden so von [CZ: Sonne] undt [CZ: Mond]
        undt sternen genugsam impregniert undt theile sie in 2 gleiche theil, undt diß geschieht darum
        darmit man der Natur ihr gewicht geben kan, dann auß einem theil wiert der philosophische [CZ:
        Salpeter] auß den zween theil das flüchtige [CZ: Salz] gezogen, durch dißen weeg kan man nit leichtlich irren,
        welches sonsten so man auß einem theil allein dise 3 [CZ: Salz]lia ziehen wolt, Leichtlich
        geschehen könte, NB in böhmen bei Cometau ½ Meil davon, bricht ein Bolus in einem Dorf, der
        ist vom gestürn statlich impreg= nirt undt ist nicht tief zu graben, 1 de spiritu [CZ:
        Salpeter] philosophies erstlich von [CZ: Salpeter] die erste Arbeit wiert nit anders den durch
        Sieden filtrieren, Eva= porieren undt Candiern als die [CZ: Salpeter] Sieder gebrauchen
        volbracht muß aber aufs höchste gereinigt werden, alß das der Salpeter aufs höchst
        durchge[...]zet erscheine, undt wie ein Crystall [...] wann das geschehen, so nimb sein
        hindterstellige Erden, lasse die= selbe 3 oder 4 mal wol durch glüen, darmit nichts flüchti=
        ges mer in ihr sey, undt nimb zu einem teil [CZ: Salpeter] 3 teil der Erden wol undter
        einander gemengt, thue solche in eine wol ver= lutierte retorte, jedoch soll man auf Ein mal
        über 6 Pfund nicht einsetzen, nemblich 1 ½ Pfund Salpeter undt 4 ½ der erden, solches soll man
        wie andere spiritui nitri destillirn in dem recipien= ten, soll man 2 Pfund regenwasser
        fürschlagen darmit sich die spiritus so ganz roth herüber gehen, desto eher einschlagen alles
        wol verlutiert, die destillirte spiritus all zusam= genomen, undt in Kolben , in B. das regen
        [CZ: Wasser] wider davon gezogen, der spiritus lest sich nit leichtlich in B. ufdreiben diesen
        spiritus setze in einen sandt destillirs langsam nach den graden biß der spiritus herüber ist,
        so ist wol rectificiert doch des alles wol verlutiert seie, dann die spiritus subtiel undt
        leichtlich verriechen können, das glaß soll nur halb voll sein darmit die spiritus circuliern
        mögen, sondern zerschlegt es, undt soll an einem kalten ort behalten werden.",N/A,die Erde ist aller Sachen Samen;,N/A,N/A,"Erde durch Sonne, Mond und Sterne imprägniert;",N/A,Erde in 2 Teile teilen;,Chomutov;,N/A,wie Salpetersieder;,Sieden; Salz wird gereinigt;,Salpeter;,ausgelaugte Erde calcinieren; Erdsalz und calcinierte Erde vermischen; Verhältnis Erdsalz zu Erde 1:3; keine Kugeln; maximal 6 Pfund pro Ansatz; Mischung in Retorte geben; in Vorlage Wasser; 2 Pfund Wasser; Regenwasser; Spiritus geht über; Spiritus rot; Spiritus rektifizieren; Spiritus kühl lagern;,N/A,aus frischer Erde; 6 Pfund Erde; aus Retorte destillieren; kein Wasser vorlegen;,N/A,N/A,N/A,N/A,N/A,N/A,N/A,N/A,N/A,N/A,N/A,N/A,N/A,N/A,N/A
g2a7,A7 Labor et praxis Michaelis Sendivogi Poloni,2 de [CZ: Salz] volatili,"[Recipe] 6 Pfund frische Erden in einer retorten,
        destillirs wie du es mit [CZ: Salpeter] gemacht hast, so wiert mit dem spiritu ein flüchtiges
        [CZ: Salz] in einen duncklen dunst herüber gehen, und theils am halß sich anhengen, das thue
        zu dem herüber gangenen, in dießem 2 werk darf khein [CZ: Wasser] fürgeschlagen werden dann
        die Erde ir [CZ: Wasser] selbs bei ihr hat, solches destillire muß so viel mal geschehen, biß
        der andere theil so aufbehalten, von der Erden ganz verraucht worden, undt sollen alle [CZ:
        Caput mortuum] fleissig zur Extraktion des fixen [CZ: Salz] behalten werden die destillationes
        nim nun alle zusammen destillir erstens in B. das phlegma dann im Aschen den spiritum herüber,
        dieser spiritus gehört zum Werk nicht, man mag in besonder aufheben, das so am boden bleibt
        [Recipe] sublimirs mit starken feuer so wiert das flüchtig [CZ: Salz] sich schneeweiß
        anhenkhen, sublimire in alembico aufm boden wiert ein leichte Erden bleiben, die ist nichts
        nutz, das sublimierte [CZ: Salz] soll man nochmal sublimiren, das es rein werde, das behalte
        wol im glaß füren [?] Luft, das sichs nicht solvier, [Recipe] die vorige Erden calciniersy in
        offenen [CZ: Feuer], das sie zur aschen werde, welches im töpffer ofen geschehen mag, darnach
        verfare mit warmen destillierten [CZ: Wasser] als man sonsten eine Lauge macht, ziehe das [CZ:
        Salz] herauß, biß keines mer gespürdt wiert, die überbliebene Erde ist nichts nutz, wirfs
        hinweg, das [CZ: Wasser] filtier es laß vaporieren, oder abrauchen, so wirstu das fixe [CZ:
        Salz] finden, das muß so offt geleutert soluiert undt Coaguliert werden, biß es cristallisch
        werde,",N/A,N/A,N/A,N/A,N/A,N/A,N/A,N/A,N/A,N/A,N/A,N/A,N/A,N/A,N/A,"bereits verwendete Erde calcinieren; Extraktion mit Wasser; destilliertes warmes Wasser; Extrakt reinigen; Reinigen mit mehrmaligem Lösen, Filtrieren, Koagulieren und Auskristallisieren;",N/A,N/A,N/A,N/A,N/A,N/A,N/A,N/A,N/A,N/A,N/A,N/A,N/A,N/A
g2a7,A7 Labor et praxis Michaelis Sendivogi Poloni,4 conjunctio,"3 [CZ: Salz] [Recipe] das flüchtige undt fixe [CZ: Salz] thue es
        zusammen, undt gieß nochmal das spiritum [CZ: Salpeter] drüber so wiert sichs verEinigen, undt
        zu [CZ: Wasser] werden, das ist der [CZ: Quecksilber] triumphans undt das universal menstruum,
        dann mit dißen wasser können alle Metal undt Edl gestein aufgeschlossen werden, dann es ein
        lautter feurig [CZ: Wasser] ist.",N/A,N/A,N/A,N/A,N/A,N/A,N/A,N/A,N/A,N/A,N/A,N/A,N/A,N/A,N/A,N/A,N/A,N/A,N/A,N/A,N/A,N/A,N/A,N/A,N/A,N/A,N/A,N/A,N/A,N/A
g2a7,A7 Labor et praxis Michaelis Sendivogi Poloni,5 compositio operis,"[Recipe] daß menstruum 10
        theil, thue darein selbs gewachsen [CZ: Gold] Ein theil, so wierts als balden aufgelöst
        werden, laß über Nacht stehen, so wiert es eine Erde sezen, das Clare filtrier in ein Phiol,
        dise setz in die innerste Kugl im Anthonor,",N/A,N/A,N/A,N/A,N/A,N/A,N/A,N/A,N/A,N/A,N/A,N/A,N/A,N/A,N/A,N/A,N/A,N/A,N/A,N/A,N/A,N/A,N/A,N/A,N/A,N/A,N/A,N/A,N/A,N/A
g2a7,A7 Labor et praxis Michaelis Sendivogi Poloni,6 usus antho-noris,"Es sein im
        anthonore drei kugeln, die Erste undt größte ist ganz, die andere oben auf voller Löcher,
        damit der dampf durchdringen mag, die dritte ist höltzern undt buchen, in       diser
        geschieht die putrefaction oder faulung, mit dämpfiger wärme, undt muß in der ersten Kugl
        allezeit [CZ: Wasser] sein, weil die putrefaction wert, dißer gradt der putrefaction weert 40
        oder 48 [CZ: Tag] [CZ: Nacht] wann die putrefaction fürüber, thut man die hölzerne Kugl,
        deßgleichen das [CZ: Wasser] in der Ersten Kugl wegh, undt thut aschen hinein, sezt das glaß
        drauf, macht den anthanor zu undt lest die Lampen vortgehen, das die Hitz sey, daß man kaum
        die finger drinnen leiden kan, so werden innerhalb 50 [CZ: Tag] farben erscheinen dann Nim[m]
        das glaß, thue die gelerte Kugl, undt die aschen hinwegh thue in die grössere undt Erste Kugel
        sandt, setz das glaß drauf den die Materi bedeckt seie, gib [CZ: Feuer] so wiert in 50 [CZ:
        Tag] eine weisse erscheinen fahre fort, biß gelb wiert, so in 30 [CZ: Tag] beschieht, lezlich
        setz das glaß zu undterst in sandt, gib [CZ: Feuer] bis roth wiert, undt in der mitte, ein
        klein rubin rotes körnlein erzeiget ohn geuer einer Linsen groß, daßelbig helt man in guter
        Acht, dann es daß [CZ: Gold] saamen ist, das rohte pulver so darherum ligt, thuet man hinweg
        dann es zum werkh nichts Nutz, das Körnlein behalt allein, undt verfar darmit wie folget.
        [Mariginalie: 7. Secunda compositione] Nimb das rohte Körnlein, welches das rechte
        philosophische [CZ: Gold] ist, wig es genau seze darzu 10 mal so viel deß menstrui in ein Viol
        glaß, das 23 theil lehr stehen sigillirs hermetisch undt procedir weitter, in anthanore wie
        hernach folget. Erstlich thue das glaß in ein eicherne kugl, undt mach es wie in der Ersten
        Arbeit geschehen, so wirdt innerhalb 40 [CZ: Tag] die schwertze erscheinen, dann thue die
        Eicherne Kugl hinwegh mit dem feuer, setze das glaß in die löcherne Kugl in die aschen wie
        anfanglich geschehen so werden sich in 100 tagen allerhandt farben sehen lassen, dann setze
        daß glaß in Sandt in die Erste grössere Kugl gib [CZ: Feuer] das man keinen finger drinn
        erleiden kan, so wierts in 80 [CZ: Tag] weiß procedier undt verfahr, also biß auf die gilbe,
        die in 30.    3 tagen volget, dann seze
        das glas zu undterst in Sandt, biß roth durchsichtig wiert, das in 80 tagen beschehen wirdt,
        das probiere auf einem [CZ: Silber]blech, obs fliest ohne rauch, wo nicht so muß es besser
        figieren [Mariginalie: Multiplicatio] [Recipe] Ein theil deß rothen pulvers undt 10 theil deß
        menstrui setz ein, so wierts in 3 tagen in der Eychen Kugl die schwärtze und in 3 [CZ: Tag] in
        asche die farben, biß auf die grüne sich sehen lassen, undt letzlich in der Ersten Kugl im
        sandt in 3 [CZ: Tag] rothe werden, man mag solches zu zweyn mahl vermeren, so oft es jedem
        gefelt, so wiert die erste Vermehrung, so man Ein theil auf 10 theil Golt wirft, undt des Ein
        theil auf 10 Theil [CZ: Quecksilber] so ist er fix, die anderer vermerung, Ein theil auf 100
        theil und also forthan biß auf 1000000 theil , doch soll man mercken, das man die medicin
        nicht also auf [CZ: Gold] werfen soll, sondern immer zur vermerung waß vorbehalten, sonsten
        muß man das gemachte werk, von Neuem anfangen, dann so es einmal auf Golt geworfen würdt Läst
        sichs nit mehren, zur Artznei gebrauchs also. [Recipe] von disem Stein ehe er auf [CZ: Gold]
        geworfen wiert [CZ: Skrupel] 1 deß preparirten spiritus [CZ: Unzen] 2 E von diesem 2 oder 3
        dropfen eingeben, in wein Gott allein die Ehr, diß ist also Sentivogy prozeß von worth zu
        worth abgeschrieben, auß seiner eigenen handt, so sein diener Johann podowscky dem großschedel
        mitgetheilt hat.   Zur Arbeit vom Anfangt, wiert zum Ende ungenaue 16
        monat gehern.",N/A,N/A,N/A,N/A,N/A,N/A,N/A,N/A,N/A,N/A,N/A,N/A,N/A,N/A,N/A,N/A,Nein;,N/A,"Sal Volatile, Sal Fixum und Spiritus zusammengeben;",Mercurius Triumphans; Menstruum Universale;,N/A,Qualität des Goldes; natürliches Gold; Verhältnis Gold : Menstruum Universale 1 : 10; Gold löst sich auf; Abfiltrieren; Goldlösung in Phiole überführen;,3 Kugeln; 1. Kugel die größte; 2. Kugel voller Löcher; 3. Kugel Buchenholz;,Erzeugung des Rubinkorns:: gefüllte Phiole in Athanor; 1. Phiole in Wasserdampf; 1a. 40-48 Tage im Wasserdampf; 1b. im Wasserdampf Putrefaction; 2. Phiole in Aschebad; 2a: 50 Tage im Aschebad; 2b: im Aschebad Pfauenschwanz; 3. Phiole in halben Sandbad; 3a: Phiole schaut aus Sand heraus; 3b: 50 Tage im halben Sandbad; 3c: zuerst im halben Sandbad Weiß; 3d: weitere 30 Tage im halben Sandbad; 3e: im halben Sandbad jetzt Gelb; 4: Phiole komplett im Sandbad; 4a: Zeit unbestimmt; 4b: im kompletten Sandbad Rot; 4c: im kompletten Sandbad in der Mitte Rubinkorn; Rubinkorn ist Linsengroß; 4d: im kompletten Sandbad außen rotes Pulver; 5: rotes Rubinkorn entnehmen;,Goldsamen; das rechte philosophische Gold;,Secunda Compositio;,auf glühendem Silberblech;,Verhältnis Rubinkorn : Menstruum Universale 1 : 10; im Athanor durch alle Farben; schnellere Wiederholung der ersten Operation; mehrfache Multiplikation; nach 1. Multiplication kann die Tinktur 10 Teile tingieren; jede Multiplikation verzehnfacht die Kraft der Tinktur;,N/A,N/A
g2a8,A8 Processus Universalis per Spiritum Universi Sendivogij Poloni,[Start of Document],,N/A,N/A,N/A,N/A,N/A,N/A,N/A,N/A,N/A,N/A,N/A,N/A,N/A,N/A,N/A,N/A,N/A,N/A,N/A,N/A,N/A,N/A,N/A,N/A,N/A,N/A,N/A,N/A,N/A,N/A
g2a8,A8 Processus Universalis per Spiritum Universi Sendivogij Poloni,A8 Processus Universalis per Spiritum Universi Sendivogij Poloni,158,N/A,N/A,N/A,N/A,N/A,N/A,N/A,N/A,N/A,N/A,N/A,N/A,N/A,N/A,N/A,N/A,N/A,N/A,N/A,N/A,N/A,N/A,N/A,N/A,N/A,N/A,N/A,N/A,N/A,N/A
g2a8,A8 Processus Universalis per Spiritum Universi Sendivogij Poloni,Processus Universalis per Spiritum Universi Sendivogij Poloni.,"Es ist
        erstlichen zu wissen, das die Erde aller dinge Saahmen, wie auch derselben wirckung und
        tugendt in sich schleust und begreiffet; denn sie ist das subjectum aller himmlischen Straalen
        und einflüsse, sie wird auch von den andern elementen und himmeln geschwengert, und ist das
        centrum und fundamentum, wie auch die mutter aller dinge daraus alles geböhren wirdt. Denn so
        sie nach gepühr gereiniget und subtilisiret als dan unter dem freyen himmel gesetzet, wird sie
        alßbalt von himlischen wirckungen und tügenden facundirt und geschwengert das sie von sich
        selbst allerley kreuterlein, würmlein, thierlein und metallen funcklein herfür pringen wird:
        denn in ihr ist grosse geheimbniß, und ist der erstgebohrne himlische Geist der Natur in ihr
        verborgen. So soll man wissen, das in ihren centro ein jungfrewliche Erde
            verborgen ligt TERRA VIRGINEA, die soll man mit Wasser und feuer von ihrer
        Unsaubrigkeit reinigen; ihre drey principia gereinigt widerumb zusammen fügen, und damit
        philosophischer weise alß folgen wird procediren. In obgedachter Erden seind 3
        unterschiedliche salia verborgen: Erstlich ein philosophisch nitrum so von der Erden durch der
        Sonnen, Mondens und anderer Sternen Straalen empfangen, denn je mehr und hitziger die Sonnen
        und anderer Sterne Strahlen schiessen, je mehr centralischer das [CZ: Salz] nitri wird, jedoch
        soll solches vom philosophischen und nicht gemeinen nitro verstanden werden. Zu andern, ist
        der himlische 159 unsichtbahre geist der Natur, nemlich der spiritus mundi in einen flüchtigen
        saltze in dieser jungfrewlichen Erden verborgen. Und letzlich ist in ihr ein fixes [CZ: Salz]
        alß ein [...] der vorigen 2 Salien von Gott eingepflantzet das also die 3 Salia in dieser
        Erden verborgen ligen, wie sie aber heraus zu bringen folget hernacher.",Sendivogius;,die Erde ist aller Sachen Samen;,N/A,N/A,N/A,N/A,N/A,N/A,N/A,N/A,N/A,N/A,N/A,N/A,N/A,N/A,N/A,N/A,N/A,N/A,N/A,N/A,N/A,N/A,N/A,N/A,N/A,N/A,N/A,N/A
g2a8,A8 Processus Universalis per Spiritum Universi Sendivogij Poloni,Sequitur Praxis.,"[Recipe] der Erden so von der Sonnen, des Mondes und anderer Sterne
        Stralen genugsamb geschwängert, und theile solche in 2 gleiche abgewogene theil; und solches
        geschicht darumb das man der Natur widerumb ihr gleich gewicht geben konne; denn auß einen
        theil wird das philosophische nitrum, auß dem andern theil das flüchtige saltz, item das fixe
        [CZ: Salz] und corpus ge- zogen, und durch diesen weg kan man also an gewichte, so man sonst
        fleissig arbeitet, nicht leichtlich irren, welches sonsten so man aus einen theil alleine
        diese 3 salia außziehen wolte leichtlich geschehen kunnte.",N/A,N/A,früh morgens; bei Sonnenaufgang;,Wiese mit Blumen; Wiese mit Kräutern;,"Erde durch Sonne, Mond und Sterne imprägniert; rote fette Erde;",etliche Karren;,Erde in 2 Teile teilen;,N/A,Erde ausbreiten; Nachts;,N/A,N/A,N/A,N/A,N/A,N/A,N/A,N/A,N/A,N/A,N/A,N/A,N/A,N/A,N/A,N/A,N/A,N/A,N/A,N/A,N/A
g2a8,A8 Processus Universalis per Spiritum Universi Sendivogij Poloni,Per Parenthesin.,"Ehe
        dan wir aber fortschreiten, will ich erstlich den modum imprägnationis terrae alhier melden.
        Denn wie wohl alles erdreich hierzu tauglich ist, dannoch ist einß besser und bequemer alß das
        ander. Wir nehmen mir rote fette erden etliche karren, denn ein ziemlicher vorraht nötig ist,
        die colligierten wir also: wir gruben etwa Elen tieff in die Erden darnach namen wir heraus
        grosse mulden voll satzten die abendtß unter dem freyen 160 Himmel, da extrahierte sich ein
        graulecht saltz oben in superficie wie ein meer saltz etwa messer ruckens dick, das nahmen wir
        ab; und continuierten das aussetzen bey nacht ( in die non fiat, quia [CZ: Gold] iterum ad
        setrabit ) biß wir kein saltzichte Erde mehr verspürten. Ander [...]tlich gruben wir eine
        grosse Kule in einer wiesen, wo sonsten schöne blümlein und kreuterlein pflegen zu wachsen
        viereck 3 Elen lang und breitt in quadrato morgens ante solis ortum colligierten wir die
        salische Erde in superficie ebener massen ab, bis wir gedauchten genug zu haben. Sed ad rem",N/A,N/A,N/A,N/A,N/A,N/A,N/A,N/A,N/A,N/A,N/A,N/A,N/A,N/A,N/A,N/A,N/A,N/A,N/A,N/A,N/A,N/A,N/A,N/A,N/A,N/A,N/A,N/A,N/A,N/A
g2a8,A8 Processus Universalis per Spiritum Universi Sendivogij Poloni,Erstlich vom Nitro,"Diese erste Arbeit wirdt nicht anders denn durch sieden, filtrieren, evaporieren und
        schiessen, alß die salpeter macher sich gebrauchen, volnbracht. Es muß aber solchs uffs
        höchste gereiniget werden, also das das nitru uff seiner höchsten diaphanitet erscheine, und
        gleichsamb an glantz einen christallen übertrifft, so das geschehen, so nimb seiner
        hinderstelligen Erden, laß disselbe 3 oder 4 mahl woll erglüen, damit nichts feuchtes mehr in
        ihr sey, und zu 1 theil nitri nimb 3 theil seiner gecalcinierten Erden, alles wol unter
        einander gemenget, setze solches in eine Irdene verlutierte retorten, jedoch soll man auff ein
        mahl über 6 Pfund nicht einsetzen. Alß nemblich 1½ Pfund nitri, und 4½ Pfund terra calcinata,
        solches soll man nach gebrauch, wie   161 man [CZ: Scheidewasser] oder spirit [CZ: Salpeter] pflegt destilliren. In den
        Recipienten soll man 2 lb destilliert regen wasser verschlagen, damit sich die spiritus so
        gantz roht herüber gehen darein schlagen und niedersetzen, und muß der ricipiente wohl
        verlutiert sein, damit keine spiritus verriechen mögen, so last man allezeit wenn eine
        destillation verichtet, den ofen wohl erkalten, den recipienten abgenommen und wohl verwahret.
        Im fall die retorta noch gantz, mag sie widerumb gebrauchen ( [...] calcinierte Erde und
        nitrum genommen ) und soll man alle destillationis zusammen thun. Solcher destillationen muß
        man so viel thun nach dem viel nitri verhanden. So alles geschehen, thu die gesambleten
        spiritus mit dem [CZ: Wasser] in ein Kolben cum alembica lutato, pone in Balneo ad
        destillandum. Man soll aber zu vorhin die vorlage mit 2 lb wassers abmessen, und dieselbe
        mercken, das wasser wieder außgiessen, damit man die im anfange vorgeschlagenen 2 lb wassers
        wiederumb in Balneo herüber zihe, und man wissen kunne, wenn man zu destilliren auffhören
        soll. Wie wohl sich die spiritus von dem Balneo nicht leicht erheben lassen, jedoch so
        geschicht solches umb bessserer nachrichtung willen. Nimb hernach den Kolben mit dem spiritum
        e balneo pone in arena cum alembico bene lutato, et da ignem per gradus, biß die spiritus alle
        herüber sein aportit ut filsuru bene sint clausa, [...] [...] 162 Spiritus evolunt, hoc facto
        frigescat, und verwahre die spiritus in vitro clauso, in loco frigido, und das glaß soll nur
        halb voll sein, damit die spiritus circuliren können.",N/A,N/A,N/A,N/A,N/A,N/A,N/A,N/A,N/A,wie Salpetersieder;,Sieden; Salz wird gereinigt;,Nitro;,ausgelaugte Erde calcinieren; Erdsalz und calcinierte Erde vermischen; Verhältnis Erdsalz zu Erde 1:3; keine Kugeln; maximal 6 Pfund pro Ansatz; Mischung in Retorte geben; in Vorlage Wasser; 2 Pfund Wasser; destilliertes Regenwasser; Spiritus geht über; Spiritus rot; Spiritus rektifizieren; Spiritus kühl lagern;,N/A,aus frischer Erde; 6 Pfund Erde; aus Retorte destillieren; kein Wasser vorlegen;,N/A,N/A,N/A,N/A,N/A,N/A,N/A,N/A,N/A,N/A,N/A,N/A,N/A,N/A,N/A
g2a8,A8 Processus Universalis per Spiritum Universi Sendivogij Poloni,Zu andern vom Sale volatili,"[Recipe] 6 lb terra, inde retortae lutatae, procede
        destillando ut ante, in orbq sicuti cum nitro et terra calcinata factum, so wird mit dem
        spiritu ein flüchtiges saltz in einen dunckelen dunste herüber gehen. Im fall sich am halse
        etwas weisses vom flüchtigen sale anhencket, thu solches, wenn alles erkaltet zu dem Spiritu,
        und in diesem wercke mus kein [CZ: Wasser] vorgeschlagen werden, den die Erde hatt selbsten
        ihre feuchtigkeit darin sich die spiritus schlagen konnen bey sich. Solcher destillationen
        müssen so viel geschehen, biß das der anderen theil der Erden aller verbrauchet worden, und
        soll die hinderstellige Erde oder caput mortuum fleissig zur extraction des fixen [CZ: Salz],
        als folgen wird auffgehoben werden. Man nemme als denn diese destillationis zusammen, thu sie
        in ein Kolben cum alembico lutato, las erstlich das phlegma in Balneo, darnach die spiritus in
        arena cum ricipiente lutato herüber gehen, solche spiritus gehören zu diesem wercke nicht,
        sollen besonder aufgehoben werden, denn sie zu anderen sachen dienlich, das caput mortuum so
        in fundo des Kolbens, nimb thu es in ein klein Kölblein cum alembico lutato, et sublima [CZ:
        Feuer] forti in arina, so wird sich das flüchtige [CZ: Salz] im Helmb herumb schnee weiß an
        sublimiren, und am boden wird gar ein leichte erde verpleiben, quam abyce. Dieß flüchtige und
        sublimierte [CZ: Salz] kann de novo sublimiert werden ita ut nulla faces amplius sentiantur;
        hoc sal 163 custodi in vitro peculiari bene clauso, alias ab aëre facile risolventur in aquam.",N/A,N/A,N/A,N/A,N/A,N/A,N/A,N/A,N/A,N/A,N/A,N/A,N/A,N/A,N/A,"bereits verwendete Erde calcinieren; Extraktion mit Wasser; destilliertes warmes Regenwasser; Extrakt reinigen; Reinigen mit mehrmaligem Lösen, Filtrieren, Koagulieren und Auskristallisieren;",N/A,N/A,N/A,N/A,N/A,N/A,N/A,N/A,N/A,N/A,N/A,N/A,N/A,N/A
g2a8,A8 Processus Universalis per Spiritum Universi Sendivogij Poloni,Zu dritten Vom Sale fixo,"[Recipe] die hinderstellige Erden ( cap. mort )
        calcinir die in [CZ: Feuer] aperto zur aschen, welches in 10 oder 12 stunden im offenen [CZ:
        Feuer] geschicht. Hoc facto procedier damit mit [CZ: Wasser] pluviali destillata calida, alß
        so man sonst eine lauge machet, so wird mit dem [CZ: Wasser] das fixe [CZ: Salz] hindurch
        rinnen, procedir so lange biß das kein [CZ: Salz] mehr in der Erden gespüret wirdt, und solch
        Erde wird von den philosophis terra maledicta genandt, quam abyce. Das [CZ: Wasser] cum sale,
        filtra, evapora, tune habis sal in fundo, hoc solve, filtra, coagula aliquotics, doxe
        christallium sit et perspicuum, et tune etiam praepratu est.",N/A,N/A,N/A,N/A,N/A,N/A,N/A,N/A,N/A,N/A,N/A,N/A,N/A,N/A,N/A,N/A,N/A,N/A,N/A,N/A,N/A,N/A,N/A,N/A,N/A,N/A,N/A,N/A,N/A,N/A
g2a8,A8 Processus Universalis per Spiritum Universi Sendivogij Poloni,"Sequitur Trium Salium
            coniunctio","[Recipe] das fixe und
        volatilische [CZ: Salz] zusammen, geus gemachsamb den spiritum
        [CZ: Salz] nitri darüber, so werden sie sich einander annehmen und zu [CZ: Wasser] werden:
        dieses [CZ: Wasser] ist der [CZ: Quecksilber] triumphans philosophorum et menstruum
        universale. Denn mit diesem [CZ: Wasser] kann man alle metalla und Edlen gesteine
        aufschliessen, den es ein lauter feurig [CZ: Wasser] ist. Wie man in opiri magno weiter damit
        procediren soll sequitur (In autem. Dieses ist da von ich mundliche meldung gethan das die
        edle Steijne zerfallen [CZ: Antimon] [CZ: Schwefel] [CZ: Arsenik] succinum sey was es wolle
        perlen, corallen, uff den tisch, wie ein asche ohne [CZ: Feuer], nur ein magnetstein Hünereyes
        groß zwischen dem Stein und solvier schalen gelegt. sapienti satis )",N/A,N/A,N/A,N/A,N/A,N/A,N/A,N/A,N/A,N/A,N/A,N/A,N/A,N/A,N/A,N/A,Nein;,N/A,"Sal Volatile, Sal Fixum und Spiritus zusammengeben;",Mercurius Triumphans Philosophorum; Menstruum Universale;,N/A,N/A,N/A,N/A,N/A,N/A,N/A,N/A,N/A,N/A
g2a8,A8 Processus Universalis per Spiritum Universi Sendivogij Poloni,"Compositio operis
            universalis","164  So man nun also das menstruum philosophorum zu gerichtet hatt, nimbt man dessen 10 theil,
        thut sie in einen kleinen kolben, darinnen thu 1 theil klein geschlagen natürlich [CZ: Gold],
        so lösetß diß [CZ: Wasser] bald auff. Wenn solches auffgelöset worden, so wird von dem [CZ:
        Gold] ein terra zu boden fallen, wenn solches eine nacht oder 2 gestanden, so seihe man die
        solution allgemach durch ein klein trichterlein in ein phiol sigillirs Hermetice, setz in den
        Athanor in die innerste Kugel.",N/A,N/A,N/A,N/A,N/A,N/A,N/A,N/A,N/A,N/A,N/A,N/A,N/A,N/A,N/A,N/A,N/A,N/A,N/A,N/A,N/A,Qualität des Goldes; klein geschlagenes Gold; natürliches Gold; Verhältnis Gold : Menstruum Universale 1 : 10; Gold löst sich auf; Abgießen; Goldlösung in Phiole überführen;,N/A,N/A,N/A,N/A,N/A,N/A,N/A,N/A
g2a8,A8 Processus Universalis per Spiritum Universi Sendivogij Poloni,Athanor,"Es
        seindt in dem Athanor 3 Kugeln, die Erste die gröste, gantz: die ander oben auf gelochet wie
        die [CZ: Feuer] pfannen da man die bette mit warmet, damit der dampf des [CZ: Feuer]ß hindurch
        tringen möge und die dritte ist die holtzerne Eichene Kugel. In der inneren Kugel geschicht die putrefaction, im vaporischen [CZ: Feuer], und muß in der
        ersten Kugel alzeit [CZ: Wasser] sein, weil die putrefaction wehret. Im fall [CZ: Wasser]
        abgehen woltte, soll man anders warm dazu giessen, und wehret solcher gradus putrefactionis
        etwa 40 oder 45 tage, in welchen gradu sich die schwartze erzeigen wirdt. So die putrefaction
        vorüber, neme man die holtzerne kugel, des gleichen das [CZ: Wasser] in der ersten Kugel
        hinweg, denn man bedarf hinfüro kein [CZ: Wasser] mehr: und thu in die ander gelochete Kugel
        aschen, und setze das glas darauf, mach den Athanor zu, und las die lampen fortgehen, das die
        hitze sey, das mans mit einem finger verleyden möge, so werden sich innerhalb 50 tagen
        mancherley farben erzeigen und letzlich eine grüne farbe allein. Nimb hernach das glaß heraus,
        thu die gelocherte Kugel mit der aschen 165 hinweg, und thu in die erste und grösste Kugel
        sand, setz das glas darauf, das der sand die materiam bedecke, mach den Athanor zu und gib
        [CZ: Feuer] das mans mit einem finger nicht wol erleiden kann, so gibts in 30 tagen ein
        weisse, folg in solchen gradu fort biß sich die gelbe erzeigt, geschicht auch etwa in 30
        tagen. Letzlich setz das glaß zu undrist, gib so lange [CZ: Feuer] bis sich das pulver roth
        erzeigt und sich in der [Mariginalie: NB] mitten ein klein rubin rotes körnlein ohngefehr
        einer linsen groß befindet, dasselbige soll man in gute achtung nehmen, den es ist semen auri,
        das rohtlichte pulver, so umbher ligt mag man hinweg thun, den es zu werck nicht dienlich, und
        das körnlein allein behalten und damit procediren wie volget",N/A,N/A,N/A,N/A,N/A,N/A,N/A,N/A,N/A,N/A,N/A,N/A,N/A,N/A,N/A,N/A,N/A,N/A,N/A,N/A,N/A,N/A,3 Kugeln; 1. Kugel die größte; 2. Kugel voller Löcher; 3. Kugel Eichenholz;,Erzeugung des Rubinkorns:: gefüllte Phiole in Athanor; 1. Phiole in Wasserdampf; 1a. 40-45 Tage im Wasserdampf; 1b. im Wasserdampf Putrefaction; 2. Phiole in Aschebad; 2a: 50 Tage im Aschebad; 2b: im Aschebad Pfauenschwanz; nach Pfauenschwanz grün; 3. Phiole in halben Sandbad; 3a: Phiole schaut aus Sand heraus; 3b: 30 Tage im halben Sandbad; 3c: zuerst im halben Sandbad Weiß; 3d: weitere 30 Tage im halben Sandbad; 3e: im halben Sandbad jetzt Gelb; 4: Phiole komplett im Sandbad; 4a: Zeit unbestimmt; 4b: im kompletten Sandbad Rot; 4c: im kompletten Sandbad in der Mitte Rubinkorn; Rubinkorn ist Linsengroß; 4d: im kompletten Sandbad außen rotes Pulver; 5: rotes Rubinkorn entnehmen;,Goldsamen; das lebendige Gold der Philosophen;,Secunda Compositio;,N/A,N/A,N/A,N/A
g2a8,A8 Processus Universalis per Spiritum Universi Sendivogij Poloni,Folgt die ander composition,"Das rote körnlein, welches der philosoporum
        lebendiges [CZ: Gold] ist, wäge genau ab, thu 10 mal so schwer menstrui dazu, thu alles in ein
        klein phiol, die 23 lehr stehe, sigilla et procede in Athanor et sequitur. Erstlicht thu das
        Glas im Athanor in die Eichene Kugel, und procedir damit, ut in proced. primo labori, gibt
        wider ein schwartze; exime, thu die eicherne Kugel und das [CZ: Wasser] hinweg, setz glaß in
        die gelochete Kugel in asche ut ante in primo labore, mach den Athanor zu, kommen auch
        allerley farben, letztlich die grüne farbe, denn thu die gelocherte Kugel weg, und thu sand in
        die erste Kugel, procede ut supra, biß das pulver schon roht und durchsichtig wird, probir ein
        wenig auf einen glüenden 166 Silber blech, obs rauche und fliesse wie ein wachs. Im Fall das
        es rauchet, muß man zu undrist wider in den Sandt thun und besser figiren, biß es [CZ: Feuer]
        beständig werde.",N/A,N/A,N/A,N/A,N/A,N/A,N/A,N/A,N/A,N/A,N/A,N/A,N/A,N/A,N/A,N/A,N/A,N/A,N/A,N/A,N/A,N/A,N/A,N/A,N/A,N/A,auf glühendem Silberblech;,Verhältnis Rubinkorn : Menstruum Universale 1 : 10; in Phiole überführen; Phiole verschließen; im Athanor durch alle Farben; schnellere Wiederholung der ersten Operation; mehrfache Multiplikation; nach 1. Multiplication kann die Tinktur 10 Teile tingieren; jede Multiplikation verzehnfacht die Kraft der Tinktur;,N/A,N/A
g2a8,A8 Processus Universalis per Spiritum Universi Sendivogij Poloni,Multiplicatio,"[Recipe] 1 theil des rothen pulvers und 10 theil menstrui, thu das
        in ein klein phiol, wird einander alsobaldt annemmen, sigilla Hermetici, pone in Athanori, so
        wird sich in der Eichernen Kugel in 3 tagen die schwartze, hernach in 3 tagen in der
        gelocherten Kugel in der aschen alle farben biß uff die grüne sehen lassen, und letzlich in
        der Ersten Kugel in Sande auch in 3 tagen die Röte. Man mag solches zu 2 mahl multipliziren
        alß zu vor hier oben geschrieben, des gleichen zu 3 mahl und also forthan ad placitum.",N/A,N/A,N/A,N/A,N/A,N/A,N/A,N/A,N/A,N/A,N/A,N/A,N/A,N/A,N/A,N/A,N/A,N/A,N/A,N/A,N/A,N/A,N/A,N/A,N/A,N/A,N/A,N/A,N/A,N/A
g2a8,A8 Processus Universalis per Spiritum Universi Sendivogij Poloni,Fermentatio,"So wie die erste multiplication fermentirt so man des pulvers 1 theil uff 10 theil fein
        [CZ: Gold], so im Fluß stehet wirfft und wiederumb außgeust, welches dan brüchig und klein zu
        pulver gestossen wird alß dan 1 theil des geflossenen [CZ: Gold] uff 10 theil [CZ:
        Quecksilber]y vulgi weß im schmeltztiegel beim [CZ: Feuer] anfehet zu rauchen geworffen, so
        wird sich dasselbe alsobalt im [CZ: Gold] verwandeln und tingiren, und gehet in der ersten
        multiplicatio in 1 Theil uff 10 theil, in der andern multiplication 1 theil uff 100 theil: und
        so fort ohn ende. Es ist zu mercken das man die medicin oder das rothe pulver nicht aller 167
        Uffs [Gold] werffe, sondern allzeit etwas da von in Vorraht behalte, damit man solches
        multiplicieren konne. Man müssete sonsten das gantze werck von neuen wiederum anfangen: den
        was es auff das [CZ: Gold] ein mahl geworffen worden, so lest sichs nicht mehr multipliciren.",N/A,N/A,N/A,N/A,N/A,N/A,N/A,N/A,N/A,N/A,N/A,N/A,N/A,N/A,N/A,N/A,N/A,N/A,N/A,N/A,N/A,N/A,N/A,N/A,N/A,N/A,N/A,N/A,multiplizierte Tinktur und Gold; Verhältnis Tinktur : Gold = 1 : 10; Gold und Tinktur schmelzen; Gold wird brüchig; Gold zu Pulver stoßen;,fermentiertes Goldpulver und Quecksilber; 1 Teil fermentiertes Goldpulver und 10 Teile Quecksilber in Schmelztiegel; Resultat: Gold;
g2a8,A8 Processus Universalis per Spiritum Universi Sendivogij Poloni,Aurum poculentum geschwind ad usum medicum zu machen,"[Recipe] phligma salis
        nitri und etwas von dem phlegmati vituili, scharffes ein wenig mit [CZ: Salmiak] thu das [CZ:
        Gold] hinein, setze es hin es solviert sich fein roht darin.",N/A,N/A,N/A,N/A,N/A,N/A,N/A,N/A,N/A,N/A,N/A,N/A,N/A,N/A,N/A,N/A,N/A,N/A,N/A,N/A,N/A,N/A,N/A,N/A,N/A,N/A,N/A,N/A,N/A,N/A
g3a9,A9 Das grosse Geheimnuß Sendivogij eben von diesen Allsteinio,[Start of Document],,N/A,N/A,N/A,N/A,N/A,N/A,N/A,N/A,N/A,N/A,N/A,N/A,N/A,N/A,N/A,N/A,N/A,N/A,N/A,N/A,N/A,N/A,N/A,N/A,N/A,N/A,N/A,N/A,N/A,N/A
g3a9,A9 Das grosse Geheimnuß Sendivogij eben von diesen Allsteinio,A9 Das grosse Geheimnuß Sendivogij eben von diesen Allsteinio,166,N/A,N/A,N/A,N/A,N/A,N/A,N/A,N/A,N/A,N/A,N/A,N/A,N/A,N/A,N/A,N/A,N/A,N/A,N/A,N/A,N/A,N/A,N/A,N/A,N/A,N/A,N/A,N/A,N/A,N/A
g3a9,A9 Das grosse Geheimnuß Sendivogij eben von diesen Allsteinio,"Regulae
            Phylosophiae a Domino Iacobo Allsteinio D","Under den 4. Mütteren, ist ein Ackher
        verordnet, von Adamischer Erden, in solche Erden muß ein [CZ: Schwefel Gold]is, alß der Samen
        gesähet werden sich zuvermehren, Nun richten sie beide nichts auß, wo nit der himlische Thauw
        darein kombt.",N/A,N/A,N/A,N/A,N/A,N/A,N/A,N/A,N/A,N/A,N/A,N/A,N/A,N/A,N/A,N/A,N/A,N/A,N/A,N/A,N/A,N/A,N/A,N/A,N/A,N/A,N/A,N/A,N/A,N/A
g3a9,A9 Das grosse Geheimnuß Sendivogij eben von diesen Allsteinio,Das grosse Geheimnuß Sendivogij: eben von diesen Allsteinio.,"[Recipe] die algemein Erden des
        Widers oder Stiers (eines Knies tieff under dieselb Erden gegraben) Darauß testillier einen
        Spiritum, und zeuhe auß daß Salz mit [CZ: Wasser]. laß abrauchen, vereiniges mit seinem
        Spiritu, und laß sich an der Sonnen niderschlagen, oder durch offt auf giessen und abziehen,
        mache des Salzes genug, uf 7 Mal aufgossen und abzogen aufs wenigst. Dieses unsers Salzes
        [Recipe] 11 theil, Gold 1 theil, Silber 2 theil, laß fliessen in verschlossenen tigel (3 in
        einander gesteckt oder gemacht, daß nit durchfliesse) 7 monat im glaßofen, so kombt daß Gold
        lebendig und ein reiner Saam, die Sphaera [CZ: Blei] und [CZ: Silber] sambt 42 167 sambt dem groben Leib [CZ: Gold]is wirdt verschwinden und das leben bleiben.  Diß solvire in 10 theil unseres
        Thauwes zehen oder fünfzehn mal (ut apud Caesarem rectificati) damit es so klar und starck,
        daß es diß Gold angreiffe, dem gemeinen thutes nichts. Dise des Gold Auflösung hailt den
        Aussatz. Koche diese auf 10 monat so
        tingirt 1 theil 864. Multiplicir mit Auflösung eines theiles der Tinktur in 10 theil des
        thauwes: dies soluirt darnach Silber fixe sovil es mag: wan diß geschehen, kochs wieder auf 10
        monat das thue so offt, biß es in tugent so weit kombt, daß die solutio gmein goldt auflöst
        und sich nicht zu boden niderschlecht, sonder gleich in ein butter geht. Alß dan kanes bald
        eincoagulirt werden, alß daß hindennach nur ein Werck seye dreyen tagen. In manglung des
        thawes so werde genommen der coaguliert lufft. Laus Deo 1618",Sendivogius; Jacob Allstein;,Samen in Adamische Erde säen; Himmlischer Tau;,Sonne im Sternbild Widder; Sonne im Sternbild Stier;,N/A,N/A,knietief;,N/A,N/A,N/A,mit Wasser;,Abrauchen;,N/A,N/A,N/A,N/A,N/A,Nein;,Salz und Spiritus vereinigen; Spiritus wieder abziehen und wieder aufgiessen; 7 mal wiederholen; Resultat: Salz;,N/A,N/A,Verhältnis Salz : Gold : Silber = 11 : 1 : 2; im Tiegel 7 Monate schmelzen; Resultat: lebendiges Gold;,lebendiges Gold in 10 Teilen Tau auflösen; 10 Monate kochen;,N/A,N/A,N/A,N/A,N/A,Auflösung 1 Teil Tinktur in 10 Teilen Tau;,N/A,1 Teil tingiert 864 Teile;
g2a11,A11 Dieser Kunst Praxis ist diese,[Start of Document],,N/A,N/A,N/A,N/A,N/A,N/A,N/A,N/A,N/A,N/A,N/A,N/A,N/A,N/A,N/A,N/A,N/A,N/A,N/A,N/A,N/A,N/A,N/A,N/A,N/A,N/A,N/A,N/A,N/A,N/A
g2a11,A11 Dieser Kunst Praxis ist diese,A11 Dieser Kunst Praxis ist diese,289,N/A,N/A,N/A,N/A,N/A,N/A,N/A,N/A,N/A,N/A,N/A,N/A,N/A,N/A,N/A,N/A,N/A,N/A,N/A,N/A,N/A,N/A,N/A,N/A,N/A,N/A,N/A,N/A,N/A,N/A
g2a11,A11 Dieser Kunst Praxis ist diese,Dieser Kunst Praxis ist diese:,"Nimm von der wahren Erden, von Sonn, Mond und
        andern SternStralen wolgeschwängert theil sie in zwey Theil welches darum geschicht damit
        der Natur ihr Gewicht wiederum zu komme. Denn aus einem Theil wird das Philosophische
        Nitrum, aus dem andern aber das flüchtige und fixe Saltz gezogen von welcher jeden
        insonderheit mit wenigem geredet werden soll. Auf diese Art so im Gewicht fleissig
        gearbeitet wird wirst du nicht leichtlich irren welches an- 290 derwerts NB. wenn man aus
        einem deren Theilen allein diese Saltz sämtlich ziehen wollte gar leicht geschehen würde.",N/A,N/A,N/A,N/A,"Erde durch Sonne, Mond und Sterne imprägniert;",N/A,Erde in 2 Teile teilen;,N/A,N/A,N/A,Salz wird gereinigt;,Nitro;,ausgelaugte Erde calcinieren; keine Kugeln; in Vorlage Wasser; 2 Pfund Wasser; Brunnenwasser; per Gradus destillieren; Spiritus geht über; Spiritus rektifizieren;,N/A,N/A,N/A,N/A,N/A,N/A,N/A,N/A,N/A,N/A,N/A,N/A,N/A,N/A,N/A,N/A,N/A
g2a11,A11 Dieser Kunst Praxis ist diese,Von dem philosophischen Nitro.,"Es muß solcher durch die Kochung deß Steins
        Filtrierung Abdämpffung und Coagulirung aufs höchste gereinigt werden damit er vermittels
        der Kunst zu einer solchen Durchsichtigkeit gelange die auch eine Crystallen übertreffe.
        Wenn dieses geschehen so soll man die todte Erden aus welcher solch Crystallisch Saltz
        ausgelauget worden mit dem härtesten Feuergrad calcinieren. Der vorig calcinierten Erden
        nimm vier und ein halbs Pfund destillire sie nach der Kunst durch eine Retorten in ein
        grossen Recipienten in welche von Brunnenwasser 2 Pfund gegossen worden; man destillirt nach
        den Gradibus, bis die Tropffen wie Füncklein ins Wasser praecipitirt werden die Fugen sein
        wol anlutiret damit nichts ausrauche. Wenn eine Destillation vorüber so muß man den Ofen
        gantz kalt werden lassen ehe man die Vorlag abnimmt: und man wiederhole die Destillirungen
        so offt biß genugsam der Materi vorhanden. Diese Geister sämtlichen sollen rectificiret
        werden in M.B. bis alles Phlegma, das ist die 2 Pfund Wasser welch im Recipienten zu deß
        Geists Praecipitirung hinein gossen worden übergangen. Darnach so setze deinen Kolben in die
        Aschen und treibe nach der Kunst alle Geister herüber halte 291 sie in einem starcken Glas,
        N.B. die Helfft nur darmit angefüllt damit es nicht zerspringt.",N/A,N/A,N/A,N/A,N/A,N/A,N/A,N/A,N/A,N/A,N/A,N/A,N/A,N/A,aus calcinierter Erde; 6 Pfund Erde; aus Retorte destillieren; kein Wasser vorlegen;,N/A,N/A,N/A,N/A,N/A,N/A,N/A,N/A,N/A,N/A,N/A,N/A,N/A,N/A,N/A
g2a11,A11 Dieser Kunst Praxis ist diese,Von dem flüchtigen Saltz.,"Nimm 6 Pfund der calcinirten Erden setze sie in ein
        wolverwahrtes Sublimatorium, so wird ein Volatilisch Saltz mit dem Geist in Gestalt eines
        dunckeln Nebels herüber gehen. NB. So was weisses Saltzes an dem Hals deß Glases hangen wird
        so soll mans mit einem Holtz abscharren und zum sublimirten Spiritu mischen. In diesem Werck
        ist es nicht nöthig ein Wasser in den Recipienten zu schütten indeme unsere Erde selbst
        genugsam Feuchte in sich hat in welchem die Spiritus reverberiret werden können. Man muß
        aber so offt die Destillationes wiederholen, bis die Erde sich gantz verzehrt. Das Caput
        mortuum aber muß man zur Extraction deß Salis fixi aufbehalten wie es folgen wird. Nimm alle
        Destillationes, welche aus dieser Erden kommen ziehe das Phlegma in einem gläsern Kolben
        darvon in M.B. aber die Spiritus treib in der Aschen in ein vorgelegten Recipienten NB.
        Diese Spiritus können zwar aufgehoben werden aber sie taugen nichts zu unserm Werck. Die
        Erde aber, welche im Grund des Kolbens verblieben soll nach der Kunst gebührlich sublimirt
        werden, mit dem aufgesetzten blinden Helm so wirst du ein Saltz, wie ein Schnee, gar subtil
        erlangen welches durch öfftere Sublimation soll re- 292 ctificirt werden und in einem
        wolverschlossenen Glas aufbehalten werden: denn sonsten wird es von der Lufft zu Wasser
        resolvirt.",N/A,N/A,N/A,N/A,N/A,N/A,N/A,N/A,N/A,N/A,N/A,N/A,N/A,N/A,N/A,bereits verwendete Erde calcinieren; Extraktion mit Wasser;,N/A,N/A,N/A,N/A,N/A,N/A,N/A,N/A,N/A,N/A,N/A,N/A,N/A,N/A
g2a11,A11 Dieser Kunst Praxis ist diese,Vom Fixen Saltz.,"Nimm die überbliebene Erden calcinire sie im offenen Feuer zu
        einem Aschen 12 Stund, von diesem ziehe das Saltz mit Auslaugung Kochung Solvirung und diese
        Arbeit so offt wiederholend und ausdämpffend bis da ein Crystallisch durchsichtig Saltz
        überkommest.",N/A,N/A,N/A,N/A,N/A,N/A,N/A,N/A,N/A,N/A,N/A,N/A,N/A,N/A,N/A,N/A,Nein;,N/A,N/A,N/A,N/A,N/A,N/A,N/A,N/A,N/A,N/A,N/A,N/A,N/A
g2a11,A11 Dieser Kunst Praxis ist diese,Die Zusammensetzung der dreyen Saltz.,"Luge das fixe und flüchtige Saltz gieß
        darauf allgemach den Nitergeist so werden sie sich vermischen und zu Wasser werden. Dieses
        Wasser ist der triumphirende Philosophische Mercurius und das Menstruum Universale, welches
        alle Metall ja auch die Edelgestein aufzulösen vermag: denn es ist sehr feurig.",N/A,N/A,N/A,N/A,N/A,N/A,N/A,N/A,N/A,N/A,N/A,N/A,N/A,N/A,N/A,N/A,N/A,N/A,"Sal Volatile, Sal Fixum und Spiritus zusammengeben;",Mercurius Triumphans Philosophicus; Menstruum Universale;,N/A,N/A,N/A,N/A,N/A,N/A,N/A,N/A,N/A,N/A
g2a11,A11 Dieser Kunst Praxis ist diese,Die Zubereitung des Universal-Wercks.,"Nimm deß Menstrui Universalis zehen Theil deß reinesten Goldes dünn geschlagen ein Theil
        thue es in einen Kolben so wird das Menstruum alsobalden das Gold auflösen wenn das Gold
        alles aufgeschlossen so wird ein wenig Erde in dem Grund deß Glases verbleiben, laß über
        Nacht stehen. Man kan es auch in eine Phiol filtriren welche man hernach Hermetisch
        verschliessen kann und in deß Athanors innern Kugel verwahrlich aufbehalten. 293",N/A,N/A,N/A,N/A,N/A,N/A,N/A,N/A,N/A,N/A,N/A,N/A,N/A,N/A,N/A,N/A,N/A,N/A,N/A,N/A,N/A,Qualität des Goldes; klein geschlagenes Gold; hochreines Gold; Verhältnis Gold : Menstruum Universale 1 : 10; Gold und Menstruum Universale in Kolben; Gold löst sich auf; Abfiltrieren; Goldlösung in Phiole überführen; Phiole hermetisch sigillieren;,N/A,N/A,N/A,N/A,N/A,N/A,N/A,N/A
g2a11,A11 Dieser Kunst Praxis ist diese,"Der
            Gebrauch deß Philosophischen Athanors, zu diesem Werck.","Es seynd in dem Athanor drey Kugeln die erste ist die größte und gantz die mittlere ist
        oberhalbs durchlöchert damit der Dampff durchdringen könne die dritte ist von Eichenholtz in
        welchem die Fäulung verrichtet wird durch das Dampff-Feuer. In der ersten Kugel soll genug
        Wasser seyn welches wenns verdämpffet wieder mit andern warmen soll ersetzet werden. Dieser
        Fäulungs-Grad wird in viertzig oder fünff und viertzig Tagen vollbracht in welchem Grad denn
        die Schwärtze das Raben-Haupt zu erscheinen pfleget. Wenn die Fäulung vollbracht so nimmt
        man die hültzerne Kugel hinweg dieweil man deß Wassers ferner nicht vonnöthen hat. Setze es
        derwegen in die gelöcherte Kugel, welche mit Aschen gefüllet ist und soll deß Feuers Grad so
        heiß seyn daß es den Finger nicht verletze so werden alsdenn inner 50 Tagen mancherley
        Farben erscheinen welche der Pfauen-Schwantz genennt werden endlich die Grüne alleine. Nimm
        hierauf das Glas, und setze es in die gröste mit Sand gefüllte Kugel, daß der Sand das
        verschlossene Glas mit seiner Materi bedecket. Schließ den Athanor zu, schüre Feuer unter,
        welches ein Finger nicht erleiden kan, so wirds inner 50 Tagen gantz weiß; fahre mit solchem
        Feuers-Grad fort bis die Materi gelb wird welches inner 30 aufs höchste inner 50 Tagen
        geschehen wird. 294 Setze endlich das Glas auf den Boden und gebrauche den vierdten Grad deß
        Feuers bis das Pulver gantz roth scheine in dessen Mittel ein rothes Korn gantz durchsichtig
        wie eine rothe Erbsen du sehen wirst. Dieses hebe fleissig auf denn es ist deß Goldes Samen
        das herum ligende rothe Pulver kanst du nur hinweg thun dieweil solches zu diesem Werck
        nicht tauget. Mit dem rothen Korn aber solt du als mit einem köstlichen Schatz also
        verfahren.   Nimm das rothe Korn
        welches der Philosophen Gold ist wigs fleissig thue darzu 10 Theil deines Menstrui, thue es
        in ein kleine Phiol zwey drittel leer lassend sigillire Hermetice, und setze es erstlich in
        die ersten Kugel und arbeite durch alle Grad des Feuers und benannte gezählte Täg wie zuvor,
        bis endlich ein rothes gläntzendes Pulver erscheinen wird. Nach diesem probire diß auf einen
        silbern Blech obs wie ein Wachs schmilzt, oder noch rauchet; wo dem also wäre so setze es in
        den Sand tieff damit es fixer werde und die Art des Feuers überkomme.",N/A,N/A,N/A,N/A,N/A,N/A,N/A,N/A,N/A,N/A,N/A,N/A,N/A,N/A,N/A,N/A,N/A,N/A,N/A,N/A,N/A,N/A,3 Kugeln; 1. Kugel die größte; 2. Kugel voller Löcher; 3. Kugel Eichenholz;,gefüllte Phiole in Athanor; 1. Phiole in Wasserdampf; 1a. 40-45 Tage im Wasserdampf; 1b. im Wasserdampf Putrefaction; 2. Phiole in Aschebad; 2a: 50 Tage im Aschebad; 2b: im Aschebad Pfauenschwanz; nach Pfauenschwanz grün; 3. Phiole in halben Sandbad; 3a: Phiole schaut aus Sand heraus; 3b: 50 Tage im halben Sandbad; 3c: zuerst im halben Sandbad Weiß; 3d: weitere 30-50 Tage im halben Sandbad; 3e: im halben Sandbad jetzt Gelb; 4: Phiole komplett im Sandbad; 4a: Zeit unbestimmt; 4b: im kompletten Sandbad Rot; 4c: im kompletten Sandbad in der Mitte Rubinkorn; Rubinkorn ist Erbsengroß; 4d: im kompletten Sandbad außen rotes Pulver; 5: rotes Rubinkorn entnehmen;,Goldsamen; der Philosophen Gold;,Secunda Compositio;,auf glühendem Silberblech;,N/A,N/A,N/A
g2a11,A11 Dieser Kunst Praxis ist diese,Die Vermehrung.,"Nimm deines rothen fixen Pulvers ein Theil deß Menstrui zehen Theil thue es in eine Phiol
        zusammen schliesse es Hermetisch zu stelle es in den Athanor, und verfahre damit in allen
        Stücken wie zuvor bis in der hültzern Kugel die Schwärtze, in der andern die mancherley
        Farben in der erste die rothe Farb erscheine. 295 Auf diese Weis kan man nach Gefallen zum
        andern und drittenmal multiplicirn. In der ersten Operation wird 1. Theil 10. Partes, inder
        andern 100. in der dritten 1000. Theil tingirn. Lasse dich diese Arbeit nicht verdriessen
        betrachtend daß dieselbige nicht als die vorige, lang gewähret, denn das letztemal wird in
        dem Athanore in der Eichen-Kugel inner drey Tagen die Schwärtze erscheinen; desselbigen
        gleichen auch in der durchgelöcherten Kugel; in dem Aschen werden inner drey Tagen alle
        Farben bis an die Grüne erscheinen. In der ersten Kugel auch im Sand wird in dreyen Tagen
        die Röthe hervor kommen: Also wirds keine Ursach seyn daß dich solche Arbeit verdriessen
        solte.",N/A,N/A,N/A,N/A,N/A,N/A,N/A,N/A,N/A,N/A,N/A,N/A,N/A,N/A,N/A,N/A,N/A,N/A,N/A,N/A,N/A,N/A,N/A,N/A,N/A,N/A,N/A,Verhältnis Rubinkorn : Menstruum Universale 1 : 10; in Phiole überführen; Phiole verschließen; im Athanor durch alle Farben; schnellere Wiederholung der ersten Operation; mehrfache Multiplikation; nach 1. Multiplication kann die Tinktur 10 Teile tingieren; jede Multiplikation verzehnfacht die Kraft der Tinktur;,N/A,N/A
g2a11,A11 Dieser Kunst Praxis ist diese,Die Fermentatio und Zubereitung zur Projection ist diese:,"Nimm des rothen Pulvers ein Theil deß reinesten Golds zehen Theil NB. wenn das Gold im
        Tiegel fliesset wirff das Pulver drein so wird das Gold brüchig: und dieses ein Theil
        tingiret deß Mercurii 10 Theil ins beste Gold. Aber hierbey seyn 3. Ding zu betrachten. 1. Dieses Pulver tingirt nach der ersten Projection ferner nicht deßhalben nim seiner wol
        in Acht. 2. Ohne Gold ferment wird es genannt der Lapis, dessen in der Artzney dergleichen
        Gebrauch ist. 296 Nimm des Lapidis 1. Scrupel Spiritus Vini zwey Unzen solvire es; von
        diesem können nach Nothdurfft der Krankheit dem Patienten 2, 3 in die vier Tropffen in einem
        Wein oder andern Liquore gegeben werden. 3. Nach der Fermentation wirds genennet eine
        Tinctur welche weiter nicht kan multipliciret werden. Ist derowegen etwas von dem Lapide
        aufzubehalten: in deme von zehen Theilen deß Menstrui, und ein Theil deß Lapidis die
        Multiplication leicht kan angestellet werden. Dem höchsten GOTT allein ist die Ehr!",N/A,N/A,N/A,N/A,N/A,N/A,N/A,N/A,N/A,N/A,N/A,N/A,N/A,N/A,N/A,N/A,N/A,N/A,N/A,N/A,N/A,N/A,N/A,N/A,N/A,N/A,N/A,N/A,multiplizierte Tinktur und Gold; Qualität des Goldes; hochrein; Verhältnis Tinktur : Gold = 1 : 10; Gold und Tinktur in Schmelztiegel; Gold und Tinktur schmelzen; Gold wird brüchig;,fermentiertes Goldpulver und Quecksilber; 1 Teil fermentiertes Goldpulver und 10 Teile Quecksilber; Resultat: bestes Gold;
g2a12,A12 Lapis Philosophorum Sendivogii,[Start of Document],,N/A,N/A,N/A,N/A,N/A,N/A,N/A,N/A,N/A,N/A,N/A,N/A,N/A,N/A,N/A,N/A,N/A,N/A,N/A,N/A,N/A,N/A,N/A,N/A,N/A,N/A,N/A,N/A,N/A,N/A
g2a12,A12 Lapis Philosophorum Sendivogii,A12 Lapis Philosophorum Sendivogii,52,N/A,N/A,N/A,N/A,N/A,N/A,N/A,N/A,N/A,N/A,N/A,N/A,N/A,N/A,N/A,N/A,N/A,N/A,N/A,N/A,N/A,N/A,N/A,N/A,N/A,N/A,N/A,N/A,N/A,N/A
g2a12,A12 Lapis Philosophorum Sendivogii,Lapis Philosophorum Sendivogii,"Nimm von der rechten Erden, die von [CZ: Sonne]
        und [CZ: Mond] und andern Sternen wohl geschwanger ist, theile solche in 2. gleiche Theil, aus
        dem einen Theil wird das Philosophische [CZ: Salpeter], aus dem andern das flüchtige und fixe
        Saltz gezogen. 53",Sendivogius;,N/A,N/A,N/A,"Erde durch Sonne, Mond und Sterne imprägniert;",N/A,Erde in 2 Teile teilen;,N/A,N/A,N/A,N/A,N/A,N/A,N/A,N/A,N/A,N/A,N/A,N/A,N/A,N/A,N/A,N/A,N/A,N/A,N/A,N/A,N/A,N/A,N/A
g2a12,A12 Lapis Philosophorum Sendivogii,Vom philosophischen Nitro,"Die erste Arbeit geschicht durch sieden, filtriren und coaguliren, wie die SalpeterSieder
        pflegen zu verfahren, von dieser einen Helffte muß nun solcher [CZ: Salpeter] aufs Höchste
        gleich einem Crystall gereiniget werden, wann solches geschehen, so nimm seine hinterstellige
        Erden, daraus du den [CZ: Salpeter] gesotten hast, laß sie 3 oder 4mahl wohl erglüen, daß
        nichts feuchtes darbey bleibet, und zu einem Theil des [CZ: Salpeter] nimm 3 Theil seiner
        calcinirte Erde, wohl gemenget, thu solches in eine verlutirten retorten, doch auf einmahl
        nicht über anderthalb lb [CZ: Salpeter], und vier und ein halb lb calcinirter Erden, und treib
        solches wie man sonsten einen Spiritum [CZ: Salpeter] zu treiben pfleget, in Recipienten
        schlag 2 lb distillirt Regen [CZ: Wasser] vor, daß sich der rothe Spiritus darein setze,
        verlutir alle Fugen wohl, wann es nun verrichtet, laß den Ofen erkalten, und distillire aufs
        neue, wie zuvor gemeldet, biß du vermeinst genugsam zu haben, alsdenn thu alle Spiritus [CZ:
        Salpeter] mit dem [CZ: Wasser] zusammen in ein Kolben-Glaß, mit dem Helm wohl verlutirt, setze
        es in B.M. zu distilliren, (man möchte aber die Vorlage zuvor mit 2 lb [CZ: Wasser] abmessen,
        damit man mercken könte, wann das [CZ: Wasser] herüber wäre,) nimm hernach den Kolben mit dem
        Spiritu [CZ: Salpeter] aus dem B.M. setze ihn in eine Sand-Capellen, verlutire den Helm wohl
        darauf, gib erstlich lind hernach starck [CZ: Feuer], biß die Spiritus alle herüber seyn; die
        Fugen des recipienten müs- 54 sen wohl verwahret seyn, endlich verwahre die obengetriebene
        Spiritus an einen kalten Ort, gar wohl, das Glaß soll nur halb voll seyn, damit die Spiritus
        circuliren mögen.",N/A,N/A,N/A,N/A,N/A,N/A,N/A,N/A,N/A,wie Salpetersieder;,Sieden; Salz wird gereinigt;,Nitro;,ausgelaugte Erde calcinieren; Erdsalz und calcinierte Erde vermischen; Verhältnis Erdsalz zu Erde 1:3; keine Kugeln; maximal 6 Pfund pro Ansatz; Mischung in Retorte geben; in Vorlage Wasser; 2 Pfund Wasser; destilliertes Regenwasser; Spiritus geht über; Spiritus rot; Spiritus rektifizieren; Spiritus kühl lagern;,N/A,aus frischer Erde; 6 Pfund Erde; aus Retorte destillieren; kein Wasser vorlegen;,N/A,N/A,N/A,N/A,N/A,N/A,N/A,N/A,N/A,N/A,N/A,N/A,N/A,N/A,N/A
g2a12,A12 Lapis Philosophorum Sendivogii,Vom Sale volatili,"Nimm 6 lb der Terrae, thu solche in eine verlutirte Retorten
        in allen distillando, wie du zuvor mit dem Nitro und calcinirten Terra gethan, so wird mit dem
        Spiritu ein flüchtig Saltz am Halse etwas anhangen, thu solches, wann es alles erkaltet zu den
        Spiritus, in diesem Werck muß kein [CZ: Wasser] fürgeschlagen werden, denn die terra hat
        selbsten ihre Feuchtigkeit, daß sich der Spiritus niedersetzen kan, das distilliren muß so
        viel geschehen, biß der andere halbe Theil aller verbrauchet ist, aus der hinterstelligen [CZ:
        Caput Mortuum] oder terra extrahir das fixe Saltz, nimm diese Spiritus mit sammt seinem Wasser
        in ein Kolben-Glaß, lutier einen Helm darauf, laß erstlich das phlegma in MB herüber gehen,
        hernach den Spiritum in der Asche herüber gezogen, diese Spiritus gehören zu diesem Wercke
        nicht, mögen sonsten aufgehoben werden zu andern Sachen dienstlich, das hinterstellige Corpus,
        so am Boden blieben, nimm fleißig heraus, thue es in ein klein Glaß, setz ein Helm darauf und
        sublimir im Sand mit starckem [CZ: Feuer], so wird das flüchtige [CZ: Salz] sich im Helm
        erheben Schnee-weiß, am Boden wird gar eine leichte Erden bleiben, die mag man wegwerffen, das
        sublimirte Saltz mag man noch einmahl sublimiren, daß es 55 gantz rein werde, verwahre es wohl
        in einem Glase vor der Lufft.",N/A,N/A,N/A,N/A,N/A,N/A,N/A,N/A,N/A,N/A,N/A,N/A,N/A,N/A,N/A,N/A,N/A,N/A,N/A,N/A,N/A,N/A,N/A,N/A,N/A,N/A,N/A,N/A,N/A,N/A
g2a12,A12 Lapis Philosophorum Sendivogii,Vom Sale fixo,"Nimm die [CZ: Caput mortuum] oder interstellige terra vom Saltz volatili, calcinir die
        offenen [CZ: Feuer], daß sie zu einer Asche werde, welches in 10 oder 12 Stunden geschicht,
        darnach procedir mit warmen distillirten Regen-Wasser und Lauge es aus, procedire so lange,
        biß kein Saltz mehr in der terra zu finden ist, denn wirff dieselbe hinweg, das CZ: [Wasser]
        filtrir und coaporir es, so wird das Saltz am Boden bleiben, welches so lange purificirt
        werden soll, biß es schon Cristallinisch und durchsichtig ist, denn so ist es bereitet, und zu
        unserm Werck fertig gemacht.",N/A,N/A,N/A,N/A,N/A,N/A,N/A,N/A,N/A,N/A,N/A,N/A,N/A,N/A,N/A,bereits verwendete Erde calcinieren; Extraktion mit Wasser; destilliertes warmes Regenwasser; Extrakt reinigen;,Nein;,N/A,"Sal Volatile, Sal Fixum und Spiritus zusammengeben;",N/A,N/A,N/A,N/A,N/A,N/A,N/A,N/A,N/A,N/A,N/A
g2a12,A12 Lapis Philosophorum Sendivogii,Compositio Salium,"Nimm das fixe und volatilische Saltz zusammen, geuß den
        Spiritum [CZ: Salpeter] gemachsam darüber, so werden sie einander annehmen, und zu einem [CZ:
        Wasser] werden, dieses ist nun der [CZ: Quecksilber] optatus und Menstruum Universale, welche
        alle Metalle und Edelgesteine aufzuschliessen mächtig ist, denn es ist lauter [CZ: Feuer] und
        [CZ: Wasser]. Folget:",N/A,N/A,N/A,N/A,N/A,N/A,N/A,N/A,N/A,N/A,N/A,N/A,N/A,N/A,N/A,N/A,N/A,N/A,N/A,Mercurius Optatus; Menstruum Universale;,N/A,N/A,N/A,N/A,N/A,N/A,N/A,N/A,N/A,N/A
g2a12,A12 Lapis Philosophorum Sendivogii,Compositio Universalis,"Nimm des Menstrui Philosophici part 10 thu es in ein Glaß, das klein sey, darein thu 1 part
        dünn geschlagen fein reines Gold, so wird es bald auflösen, und wird vom [CZ: Gold] eine terra
        zu Boden fallen, wann solches einen Tag gestanden hat, denn filtrir es, geuß es in eine reine
        Phiol, doch daß nichts von der ter- 56 ra herüber gehe, setze es in Athanor in die innerste
        Kugel.",N/A,N/A,N/A,N/A,N/A,N/A,N/A,N/A,N/A,N/A,N/A,N/A,N/A,N/A,N/A,N/A,N/A,N/A,N/A,N/A,N/A,Qualität des Goldes; klein geschlagenes Gold; hochreines Gold; Verhältnis Gold : Menstruum Universale 1 : 10; Gold löst sich auf; Abfiltrieren; Goldlösung in Phiole überführen;,N/A,N/A,N/A,N/A,N/A,N/A,N/A,N/A
g2a12,A12 Lapis Philosophorum Sendivogii,Athanor,"In diesen Athanor sollen drey Kugeln seyn, die Erste und dickste gantz, die Andere aber
        aufgelöset, damit der Dampff des [CZ: Feuer] hindurch dringen möge, und die Dritte ist eine
        höltzerne eichene Kugel, in der innersten geschehen die putrefactionen in vaporischen Feuer,
        und muß in der ersten Kugel allezeit [CZ: Wasser] seyn, weil die putrefactio wehret, wann das
        [CZ: Wasser] abgehet, muß man dessen wieder hinzu thun, doch warm gemacht, und wehret die
        putrefactio 40 oder 44 [CZ: Tag] [CZ: Nacht] in welchen sich eine Schwärtze erzeiget; wann die
        putrefactio vorüber ist, nimmt man die höltzerne Kugel, und das [CZ: Wasser] in der ersten
        Kugel hinweg, und thut mans in die gelöcherte Kugel-Aschen, setzet das Glaß darauf, und macht
        den Athanor zu, und läßt die Lampen fortgehen, daß die Hitze sey, daß man die Finger darinnen
        erleiden möge, so werden sich innerhalb 50 Tagen mancherley Farben erzeigen, und letzlich eine
        grüne Farbe; allein nimm hernach das Glaß heraus, und thu in die grosse und eiserne Kugel
        Sand, und setze das Glaß darauf, das der Sand die Materia bedecke, mache den Athanor zu, und
        gieb [CZ: Feuer] daß man es mit einem Finger nicht erleiden möge, so wirds innerhalb 50 [CZ:
        Tag] [CZ: Nacht] eine Weise vorzeigen; fahre mit solchen Grad des [CZ: Feuer] fort, daß dieses
        gelbe wird, so ohngefehr in 30 Tagen geschicht, letzlich setze das Glaß zu unterst, und gib so
        lange [CZ: Feuer], 57 biß das Pulver roth erscheinet, und sich in der Mitte ein klein
        durchsichtig Rubinfarbenes Körnlein erzeiget, ohngefehr einer Linsen groß, das soll man wohl
        in acht nehmen, denn es des [CZ: Gold] Saamen ist, das rothe Pulver so darum herlieget, mag
        man wegnehmen, denn es zum Wercke nichts nützet, das Körnlein aber behalt allein.",N/A,N/A,N/A,N/A,N/A,N/A,N/A,N/A,N/A,N/A,N/A,N/A,N/A,N/A,N/A,N/A,N/A,N/A,N/A,N/A,N/A,N/A,3 Kugeln; 1. Kugel die größte; 2. Kugel voller Löcher; 3. Kugel Eichenholz;,gefüllte Phiole in Athanor; 1. Phiole in Wasserdampf; 1a. 40-44 Tage im Wasserdampf; 1b. im Wasserdampf Putrefaction; 2. Phiole in Aschebad; 2a: 50 Tage im Aschebad; 2b: im Aschebad Pfauenschwanz; nach Pfauenschwanz grün; 3. Phiole in halben Sandbad; 3a: Phiole schaut aus Sand heraus; 3b: 50 Tage im halben Sandbad; 3c: zuerst im halben Sandbad Weiß; 3d: weitere 30 Tage im halben Sandbad; 3e: im halben Sandbad jetzt Gelb; 4: Phiole komplett im Sandbad; 4a: Zeit unbestimmt; 4b: im kompletten Sandbad Rot; 4c: im kompletten Sandbad in der Mitte Rubinkorn; Rubinkorn ist Linsengroß; 4d: im kompletten Sandbad außen rotes Pulver; 5: rotes Rubinkorn entnehmen;,Goldsamen; der Philosophen Gold;,Secunda Compositio;,N/A,N/A,N/A,N/A
g2a12,A12 Lapis Philosophorum Sendivogii,Die andere Composition.,"Nimm das Körnlein der Philosophorum [CZ: Gold], wieg
        solches genau ab, und thu 10 mahl so viel Menstrui Philosophici darzu, thu alles in eine
        kleine Phiol, das der dritte Theil leer bleibe, Sigilla Hermetice, und procedir im Athanor,
        wie folget: erstlich thu das Glaß in die eichene Kugel, procedir denn als zum ersten, so wirds
        innerhalb 40 [CZ: Tag] [CZ: Nacht] wiederum eine Schwärtze setzen und erzeigen, nimm das Glaß
        heraus, thue die eichene Kugel und Wasser hinweg, setze das Glaß in die löcherichte Kugel in
        die Aschen, als wie zuvor bey der ersten Arbeit, mache den Athanor zu, so werden sich in 100
        [CZ: Tag] [CZ: Nacht] allerley Farben wie zuvor erzeigen, und letzlich grün werden. Denn thu
        in die löcherichte Kugel Sand, setze das Glaß darauf, mache den Athanor zu, gieb wieder Feuer,
        daß daß man es mit einen Finger nicht erleiden möge, so wird in 50 Tagen sich die Weise
        erzeigen, procedir mit solchem [CZ: Feuer] fort, biß auf die Gelbe, die in 30 [CZ: Tag] [CZ:
        Nacht] hernach folget, setze nachmahls das Glaß zu unterst in Sand, gib so lange [CZ: Feuer]
        biß das Pulver schön roth und durch- 58 sichtig wird, welches ohngefähr in 40 [CZ: Tag] [CZ:
        Nacht] geschicht. Probier ein wenig auf glüend [CZ: Silber] Blech, fleust es als Wachs, doch
        ohne Rauch, so ist es fix, wo nicht, so setz es wieder ins [CZ: Feuer] biß es Feuer beständig
        ist.",N/A,N/A,N/A,N/A,N/A,N/A,N/A,N/A,N/A,N/A,N/A,N/A,N/A,N/A,N/A,N/A,N/A,N/A,N/A,N/A,N/A,N/A,N/A,N/A,N/A,N/A,auf glühendem Silberblech;,N/A,N/A,N/A
g2a12,A12 Lapis Philosophorum Sendivogii,Multiplicatio,"Nimm ein Theil des rothen Pulvers und Zehentheil Menstrui, thu es in eine kleine Phiol, so
        wird es alsobald einander annehmen, Sigilla Hermetice, setze es in Athanor, so wird sichs in
        der eichernen Kugel in 3 Tagen die Schwartze, hernach in 3 [CZ: Tag] [CZ: Nacht] werden sich
        alle Farben in der löcherichten Kugel in der Asche erzeigen, biß auf die grüne Farbe, und
        letzlich in der letzten Kugel im Sand auch 3 [CZ: Tag] [CZ: Nacht] biß zur röthe; man mag
        solches auf diese art noch etliche mahl augmentiren. Wenn ihr von der ersten Augmentatio ein
        Theil auf 10 Theil fein [CZ: Gold] im Flusse werffet, und wieder ausgiesset, ist solches
        brüchig, wird derohalben solches klein gestossen, als denn 1 Theil des gestossenen [CZ: Gold]
        [CZ: Antimon] auf 10 Theil [CZ: Quecksilber]ij vulgi, wann solches im Gießtiegel bey dem [CZ:
        Feuer] anhebet zu rauchen, geworffen, so wird sichs verwandeln in das edelste [CZ: Gold].  Die erste multiplicatio ist ein Theil auf 10 Theil, das andere ein Theil auf 100 die dritte
        auf 1000 die vierdte auf 10000 Theil etc.",N/A,N/A,N/A,N/A,N/A,N/A,N/A,N/A,N/A,N/A,N/A,N/A,N/A,N/A,N/A,N/A,N/A,N/A,N/A,N/A,N/A,N/A,N/A,N/A,N/A,N/A,N/A,Verhältnis Rubinkorn : Menstruum Universale 1 : 10; in Phiole überführen; Phiole verschließen; im Athanor durch alle Farben; schnellere Wiederholung der ersten Operation; mehrfache Multiplikation; nach 1. Multiplication kann die Tinktur 10 Teile tingieren; jede Multiplikation verzehnfacht die Kraft der Tinktur;,multiplizierte Tinktur und Gold; Qualität des Goldes; fein; Verhältnis Tinktur : Gold = 1 : 10; Gold und Tinktur in Schmelztiegel; Gold und Tinktur schmelzen; Gold wird brüchig; Gold zu Pulver stoßen;,fermentiertes Goldpulver und Quecksilber; 1 Teil fermentiertes Goldpulver und 10 Teile Quecksilber in Schmelztiegel; Resultat: edelstes Gold;
g2a12,A12 Lapis Philosophorum Sendivogii,Soli Deo Gloria Amen.,,N/A,N/A,N/A,N/A,N/A,N/A,N/A,N/A,N/A,N/A,N/A,N/A,N/A,N/A,N/A,N/A,N/A,N/A,N/A,N/A,N/A,N/A,N/A,N/A,N/A,N/A,N/A,N/A,N/A,N/A
g2a13,A13 Labor Universalis eines wahren Adepti,[Start of Document],,N/A,N/A,N/A,N/A,N/A,N/A,N/A,N/A,N/A,N/A,N/A,N/A,N/A,N/A,N/A,N/A,N/A,N/A,N/A,N/A,N/A,N/A,N/A,N/A,N/A,N/A,N/A,N/A,N/A,N/A
g2a13,A13 Labor Universalis eines wahren Adepti,A13 Labor Universalis eines wahren Adepti,70  40.,N/A,die Erde ist aller Sachen Samen;,N/A,N/A,N/A,N/A,N/A,N/A,N/A,N/A,N/A,N/A,N/A,N/A,N/A,N/A,N/A,N/A,N/A,N/A,N/A,N/A,N/A,N/A,N/A,N/A,N/A,N/A,N/A,N/A
g2a13,A13 Labor Universalis eines wahren Adepti,Labor Universalis eines wahren Adepti.,"Hier ist zu wissen daß die Erde aller
        Sachen Saamen wie auch derselben Würckung und Tugend an sich nimmt und begreifft. Dann sie ist
        das Subjectum aller Himmlischen Influenzen, sie 71 wird auch von dem Himmel, und sonderlich
        von denen Elementen geschwängert und ist das Centrum, Fundament und Mutter aller Dinge daraus
        alles gebohren wird dann so sie nach gebührlicher Reinigung subtilisiret und unter den freyen
        Himmel gesetzet sie alsbald geschwängert wird von den Himmlischen Wirckungen und Tugenden daß
        sie von sich selbsten allerley Kräuter Würme Animalia, Metallische Füncklein zu oder herfür
        bringet dann in ihr ist grosses Geheimniß diese soll man mit Wasser und Feuer reinigen von
        ihrer Unsauberkeit, ihre drey gereinigte Principia wieder zusammen setzen, damit
        Philosophischer Weise, als folgen wird procediren. In obgedachter Erde seynd 3
        unterschiedliche Saltze verborgen: Erstlich das Sal Philosophicum, so von der Lufft durch Sonn
        und Mond Strahlen und andere Sternen empfangen; Da je hitziger die Sonne und Sterne Strahlen
        schiessen je mehr Centralisches Saltz gebohren wird. Zum andern ist der Himmlische unsichtbare
        Geist der Natur nehmlich Spiritus Mundi, in einem flüchtigen Saltz in dieser Jungfräulichen
        Erden verborgen; und Tertio ist ein fixes Saltz als ein Receptaculum der vorigen Erde von GOtt
        eingepflantzet daß also diese drey Saltze in dieser Erden verborgen liegen.     Nimm der rechten Erden so
        von der Sonnen und Sternen gnugsam impraegniret und theile sie in 2 Theil und dieses geschieht
        darum damit man der Natur ihr Gewicht wieder geben kann dann aus einem Theil wird das
        philosophische Saltz aus den andern Theil das flüchtige Saltz gezogen durch diesen Weg kan man
        am Gewicht nicht leichtlich irren welches sonsten so man es aus 1 Theil alleine 72 machte und
        die 3 Principia ziehen will leichtlich geschehen könte. NB. In Böhmen bey Commethau 1 halbe Meile davon bricht ein
        Bolus in einem Dorffe der ist von denen Astris sonderlich impraegniret. Item, in Lothringen
        bey Theitenhofen welche Erde die Tuchmacher brauchen, ist nicht tief zu graben.      Die erste Arbeit ist nichts anders dann sieden filtriren evaporiren und candiren als der
        Salpeter-Sieder Gebrauch muß aber aufs höchste gereiniget werden also daß der Salpeter auf die
        höchste Diaphanitaet erscheinet und wie ein Crystall werde. Wenn das geschehen so nimm seine
        hinterstellige Erde laß dieselbe 3 oder 4 mahl durchglüen damit nichts flüchtiges in ihr sey
        und nimm zu 1 Theil Salpeter 3 Theil Erde wohl untereinander gemenget und gereiniget thue
        solche wohl verlutiret in eine Retorte, jedoch soll man auf einmahl über 6 Pfund nicht
        einsetzen nehmlich anderthalb Pfund Salpeter und fünfftehalb Pfund der Erde solche soll man
        wie andern Spiritum Nitri distillliren in die Vorlage soll man 2 Pfund distillirt Regen-Wasser
        vorschlagen damit die Spiritus, so gantz roth herüber gehen desto eher einschlagen, alles wohl
        lutiret, die Spiritus nimm alle zusammen, und distillire per B. M. das Wasser wieder davon der
        Spiritus läst sich in B. M. nicht leichtlich auftreiben. Diesen Spiritum setz in einen Sand
        und distillire ihn langsam 5 a. bis der Spiritus herüber ist so ist er wohl rectificiret doch
        mercke das alles wohl verlutiret sey dann die Spiritus subtil und leichtlich verrauchen das
        Glaß soll nur halb voll seyn damit die Spiritus circuliren mögen sonsten zerschlägt es und
        soll an einen kalten Ort gehalten werden. 73  2.
        [Recipe] 6 Pfund frischer Erde in eine Retorte, distillire wie zuvor geschehen ist mit den
        Salpeter oder Saltz so wird mit dem Spiritu ein flüchtig Saltz in einen dunckeln Dunst herüber
        gehen und theils am Halß sich anhäncken das thue zu dem herübergegangenen. NB. In diesem Werck
        darff kein Wasser vorgeschlagen werden dann die Erd ihr Wasser selbst bey ihr hat solches
        Distilliren muß so offt geschehen bis der andere Theil so aufgehoben von der Erde gantz
        verbraucht worden und sollen alle Capit. Mort. fleißig zur Extraction des Salis fixi behalten
        werden. Die Distillationes nimm alle zusammen distillire erstlich in B. M. das Phlegma, dann
        in der Asche den Spiritum herüber dieser Spiritus gehöret zum Werck nicht man mag ihn
        besonders aufheben. Das so am Boden bleibt nimm sublimire mit starckem Feuer so wird sich das
        flüchtige Saltz Schnee weiß sublimiren in starcken Feuer in fundo wird eine leichte Erden
        bleiben die ist nichts nütze das sublimirte Saltz soll man noch einmahl sublimiren und
        rectificiren daß es rein werde das behalt wohl in einem Glase vor der Lufft daß es sich nicht
        solvire. 3. [Recipe] Die vorige Erde und calcinire die in einem offenen Feuer daß sie zu Aschen
        werde welches in Töpffer-Ofen geschehen mag darnach procedire mit warmen Wasser als man
        sonsten eine Lauge machet und extrahire das Saltz bis keines mehr gespühret wird die zurück
        bleibende Erde ist nichts nütze die wirff weg die Lauge filtrire und evaporire so wirstu das
        fixe Saltz finden daß muß so offt purificiret werden mit filtriren solviren und wieder
        candiren bis es crystallisch wird. 74   4. [Recipe] Sal fixum et
        volatile, conjunge, geuß hernach gemach den Spiritum Nitri darüber so wird sichs uniren und zu
        Wasser werden das ist Mercurius Triumphans Philosophorum, Menstrum Universale dann mit diesen
        Wasser können alle Metall und Edelgesteine aufgeschlossen werden dann es ein lauter feurig
        Wasser.     Rec. Hujus menstrui 10. Theil thue darein gereinigtes Gold 1 Theil so wirds alsobald
        aufgelöset werden laß über Nacht stehen so wird sich eine Terra setzen das klare filtrire in
        eine Phiol, die setzt in die erste Kugel in Athanor. Es seynd in Athanor 3 Kugeln und die
        erste ist gantz die andere voller Löcher oben, damit der Dampff durchdringen mag die dritte
        Kugel ist von Eichen Holtz in dieser geschieht die Putrefaction in vaporischen Feuer und muß
        in der ersten Kugel allzeit Wasser seyn weil die Putrefaction währet 40 oder 48 Tag und Nacht.
        Wann die Putrefaction vorüber ist thut man die höltzerne Kugel desgleichen das Wasser hinweg
        in der ersten Kugel und thut Aschen hinein setzet das Glaß drauf macht den Athanor zu und laßt
        die Lampen fortgehen daß die Hitze sey daß man kaum einen Finger darinn erleiden mag so werden
        innerhalb 50 Tagen Farben erscheinen dann nimm das Glaß und thue die gelehrte Kugel und die
        Asche hinweg, thue in die grosse und erste Kugel Sand setz das Glaß drauf, daß die Materia
        bedeckt sey gebt Feuer, so wird in 50 Tagen eine Weisse erscheinen fahre fort bis es gelb
        wird, so in 30 Tagen geschieht letzlich setz das Glaß zu unterst in dem Sande gib Feuer bis es
        roth wird und in der Mitten sich ein gläntzendes Wesen zeiget. pp",N/A,N/A,N/A,N/A,"Erde durch Sonne, Mond und Sterne imprägniert;",N/A,Erde in 2 Teile teilen;,Chomutov; Thionville;,N/A,wie Salpetersieder;,Sieden; Salz wird gereinigt;,Salpeter;,ausgelaugte Erde calcinieren; Erdsalz und calcinierte Erde vermischen; Verhältnis Erdsalz zu Erde 1:3; keine Kugeln; maximal 6 Pfund pro Ansatz; Mischung in Retorte geben; in Vorlage Wasser; 2 Pfund Wasser; destilliertes Regenwasser; Spiritus geht über; Spiritus rot; Spiritus rektifizieren; Spiritus kühl lagern;,N/A,aus frischer Erde; 6 Pfund Erde; aus Retorte destillieren; kein Wasser vorlegen;,bereits verwendete Erde calcinieren; Extraktion mit Wasser; warmes Wasser; Extrakt reinigen;,Nein;,N/A,"Sal Volatile, Sal Fixum und Spiritus zusammengeben;",Mercurius Triumphans Philosophorum; Menstruum Universale;,N/A,Qualität des Goldes; reines Gold; Verhältnis Gold : Menstruum Universale 1 : 10; Gold löst sich auf; Abfiltrieren; Goldlösung in Phiole überführen;,3 Kugeln; 1. Kugel die größte; 2. Kugel voller Löcher; 3. Kugel Eichenholz;,gefüllte Phiole in Athanor; 1. Phiole in Wasserdampf; 1a. 40-48 Tage im Wasserdampf; 1b. im Wasserdampf Putrefaction; 2. Phiole in Aschebad; 2a: 50 Tage im Aschebad; 2b: im Aschebad Pfauenschwanz; 3. Phiole in halben Sandbad; 3a: Phiole schaut aus Sand heraus; 3b: 50 Tage im halben Sandbad; 3c: zuerst im halben Sandbad Weiß; 3d: weitere 30 Tage im halben Sandbad; 3e: im halben Sandbad jetzt Gelb; 4: Phiole komplett im Sandbad; 4a: Zeit unbestimmt; 4b: im kompletten Sandbad Rot; 4c: im kompletten Sandbad in der Mitte glänzendes Wesen;,N/A,N/A,N/A,N/A,N/A,N/A
g1a15,A15 Descriptio Tincturae Universalis,[Start of Document],,N/A,N/A,N/A,N/A,N/A,N/A,N/A,N/A,N/A,N/A,N/A,N/A,N/A,N/A,N/A,N/A,N/A,N/A,N/A,N/A,N/A,N/A,N/A,N/A,N/A,N/A,N/A,N/A,N/A,N/A
g1a15,A15 Descriptio Tincturae Universalis,A15 Descriptio Tincturae Universalis,9,N/A,N/A,N/A,N/A,N/A,N/A,N/A,N/A,N/A,N/A,N/A,N/A,N/A,N/A,N/A,N/A,N/A,N/A,N/A,N/A,N/A,N/A,N/A,N/A,N/A,N/A,N/A,N/A,N/A,N/A
g1a15,A15 Descriptio Tincturae Universalis,DESCRIPTIO TINCTURAE UNIVER SALIS,,N/A,N/A,N/A,N/A,N/A,N/A,N/A,N/A,N/A,N/A,N/A,N/A,N/A,N/A,N/A,N/A,N/A,N/A,N/A,N/A,N/A,N/A,N/A,N/A,N/A,N/A,N/A,N/A,N/A,N/A
g1a15,A15 Descriptio Tincturae Universalis,IN NOMIE TRINITTATIS. DESCRIPTIO. TINCTURAE UNIVERSALIS.,,N/A,N/A,N/A,N/A,N/A,N/A,N/A,N/A,N/A,N/A,N/A,N/A,N/A,N/A,N/A,N/A,N/A,N/A,N/A,N/A,N/A,N/A,N/A,N/A,N/A,N/A,N/A,N/A,N/A,N/A
g1a15,A15 Descriptio Tincturae Universalis,1. DE MATERIA CRUDA,"Im Monath Martio,
        im Vollem Monde, frühe vor Aufgang der Sonnen, bey hellem Wetter, wenn die Luftt gantz stille,
        es auch nicht windig ist, noch regnit, sondern die Luftt gleichsam voller lieblichen Dampffs
        und Geruches ist, grabe im Nahmen Gottes auf einer schönen fruchtbahren Wiesen, alsobald nach
        der Wurtzel derer Vegetabilien, oder einer halben Ehlen tief eine zimmliche quantiet
        schmierigte rothe Bolarische Erde, Terra Virginea genant, thue solche in ein rein neu
        höltzeren Faß, und bewahre Sie vor Regen biß Du solche Erde an behörigen Orthe ferner prae- 10
        pariren kanst wie nachfolget.",N/A,N/A,März; Vollmond; klarer Himmel; kein Wind; kein Regen; früh morgens; bei Sonnenaufgang;,schöne Wiese;,rote Erde; bolarisch;,halbe Elle tief;,N/A,FEHLT; (in den parallelen Oberservationes wird genannt: Chomutov;),N/A,N/A,N/A,N/A,N/A,N/A,N/A,N/A,N/A,N/A,N/A,N/A,N/A,N/A,N/A,N/A,N/A,N/A,N/A,N/A,N/A,N/A
g1a15,A15 Descriptio Tincturae Universalis,II. PREPARATIO. TERRAE VIRGINEAE,"Nimm diese Colligirte Terra zerstoße Sie gröblich, und thue davon in
        viele breite Wallenburgische oder Töpfferne Vergläßete Schalen nicht gar dück auf einander,
        setze Sie an die Luftt, an die Sonne und Monden, damit Sie untter freyem Himmel mit den
        Kräftten des himmlischen Gestirnes und Dero Einflüßen wohl impraegnire, bewahre Sie aber wohl
        für Wind und Regen, laße sie alßo stehen sich impraegniren biß zur Ende des Mayen, rühre Sie
        oftt ümb, damit sie durchaus fein impraegniret werden, alß denn besprenge sie wohl mit Mayen
        Thau, so in zunehmendes Monden gesamblet ist, und rühre es fein unttereinander, und wenn es
        trocken worden, so imbibire es wieder, und wiederhole es so oftt, alß es von Nöthen, und
        dieses imbibiren continuire biß zu Ende des Monathes July, so wird darinne ein recht
        centralisches und Astralisches Sal Nitri wachsen, undt sich von der Hitze der Sonnen, bevoraus
        in den HundsTagen sublimiren und alß denn ist diese unsere rohte Terra bereittet.",N/A,N/A,N/A,N/A,N/A,N/A,N/A,N/A,Erde ausbreiten; 14 Tage; Einwirkung von Gestirn und Himmel; bei Regen abdecken; Nachts; bis Ende Mai; mit Maientau besprengen; bis Ende Juli;,N/A,N/A,N/A,N/A,N/A,N/A,N/A,N/A,N/A,N/A,N/A,N/A,N/A,N/A,N/A,N/A,N/A,N/A,N/A,N/A,N/A
g1a15,A15 Descriptio Tincturae Universalis,III.,,N/A,N/A,N/A,N/A,N/A,N/A,N/A,N/A,N/A,N/A,N/A,N/A,N/A,N/A,N/A,N/A,N/A,N/A,N/A,N/A,N/A,N/A,N/A,N/A,N/A,N/A,N/A,N/A,N/A,N/A
g1a15,A15 Descriptio Tincturae Universalis,"PRAEPARATIO.SALIS TERRAE, SEU NITRI PHILOSOPHICI","Nun folget die Bereittung des Salis Mundi, oder unsers Nitri. Dieses geschiehet solcher
        Gestald. Nimm die praeparirte terram und thue solche in ein Faß darinnen ein Gestelle von
        Weichen Stroh gemacht, und ein Loch mit einem Zapffen am Boden ist, thue aber nicht mehr
        darein, als dienlich, sondern daß noch Raum im Faße bleibe, 3. Theil Wasser darauf zu gießen,
        wenn das geschehen, so nimm gelauttert Regen-Waßer, oder welches beßer, Mayen Thau, laße einen
        Keßel voll sieden, und gieße es also 11 warm auf die Terram in das Faß, daß es eine gutte
        Spanne hoch drüber gehe, damit sich alles [CZ: Salz] fein rein solviren und außziehen möge,
        verdecke es oben wohl mit einem reinem Tuch, und laß es 24 Stunden also stehen, hernach laß
        das Waßer ablauffen, und mache noch einen Keßel Regen-Waßer siedent, und gieß es wider auf das
        residuum Terrae damit sich alle Schärffe vollends außziehen möge, verdecke es wie das
        Erstemahl, und laß es wieder stehen, alß dann laß dieses Waßer auch wieder ablauffen, und thue
        es zum vorigem, das residuum Terrae trockne oder calcinire, und behaltte es biß zum Gebrauch.
        Die abgezapftte Lauge thue in den Keßel, laß solche über [CZ: Feuer] einsieden, biß zu einem
        Häuttlein, setze es hernach mit samt dem Keßel, oder welches beßer, in einen andern Keßel
        gegoßen, in einen kaltten Keller, damit es zu Cristallen schießen möge, was nicht anschießet,
        gieße ab, undt laß es wieder über dem Feuer abdämpffen, biß es ein Häuttlein bekömmet, alßdann
        setze es wieder ins kaltte, und laß schießen und repetire es so oftt biß alles angeschoßen und
        zu Cristallen ge- Worden ist, diese Cristallen drockene und solvire Sie in destilirten rore majali filtrire,
        coagulire, und reinige sie so oft, biß Sie keinen schaum und Unreinigekeit mehr von sich geben
        , welches in 3 biß 4 mahlen geschiehet, und alß dann ist unser Nitrum Terrae bereitet.",N/A,N/A,N/A,N/A,N/A,N/A,N/A,N/A,N/A,Fass; Fass mit Zapflöchern; mit Wasser; warmes Wasser; Regenwasser; Maientau; 24 Stunden stehen lassen;,Kessel; Sieden; Nach Einsieden stehen lassen; Salz kristallisiert aus; Salz wird gereinigt;,N/A,N/A,N/A,N/A,N/A,N/A,N/A,N/A,N/A,N/A,N/A,N/A,N/A,N/A,N/A,N/A,N/A,N/A,N/A
g1a15,A15 Descriptio Tincturae Universalis,IV. DESTILLATIO SALIS.NOSTRI,"Nim dieses bereitete und purificierte
        Salis Terrae oder Nitri nostri, 1 theil, der ausgezogenen und getrockneten Terrae 3 theil,
        stoß es unter einander, und feuchte es mit ein wenig rore majali an, daß du daraus kleine
        Kugeln oder Stücklein formieren kanst, und lege es etliche tage an die Luft unter freyen
        Himmel, damit sich die Kräfte des Gestirns aufs neue wiederumb darein impraegnieren, davon
        thue etwas in eine beschlagene Retorte, lege Sie ins freye [CZ: Feuer] lege einen Vorstoß und
        Vorlage vor, und lutire alles sehr wohl, daß der Spiritus nicht durchgehen können, mache
        gelind Feuer darunter, und regiere solches per gradus, so kömbt erstlich ein Phlegma denn ein
        Spiritus, endlich das 12 Sal volatile, wenn sich nun nichts mehr sublimiret, so laße das [CZ: Feuer] ausgehen, und
        alles erkalten, hebe alles wohl auf, den Spiritum an einen kühlen, und das Sal volatile an
        einen gelind warmen Orthe, und wenn du mehr der vermischeten materia hast so destillire solche
        allerdings wie das Erste mahl; und habe jedes besonders an behörigen Orth auf; und dieses ist
        die destillation.",N/A,N/A,N/A,N/A,N/A,N/A,N/A,N/A,N/A,N/A,N/A,Sal Terrae; Nitrum Terrae; Nitrum nostri;,Erdsalz und calcinierte Erde vermischen; Verhältnis Erdsalz zu Erde 1:3; mit etwas Maientau; Kugeln herstellen; Kugeln an Luft imprägnieren lassen; Mischung in Retorte geben; per Gradus destillieren; Spiritus geht über; Sal volatile geht über;,N/A,N/A,"bereits verwendete Kugeln calcinieren; Extraktion mit Wasser; destillierter warmer Maientau; Reinigen mit mehrmaligem Lösen, Filtrieren, Koagulieren und Auskristallisieren;",N/A,N/A,N/A,N/A,N/A,N/A,N/A,N/A,N/A,N/A,N/A,N/A,N/A,N/A
g1a15,A15 Descriptio Tincturae Universalis,V. PRAEPARATIO. SALIS.FIXI,"Nim alle Capita mortua von allen Destillationibus
        zusammen, thue es in einen verdecketen topf oder Retorte, und calcinire es im Töpfer-Ofen,
        oder in einen starcken reverberir [CZ: Feuer], biß es beginnet weiß zu werden, doch daß es
        nicht vitrificire als denn laße es erkalten, und übergieße es mit destilierten rore majali,
        daß der thau eine gute Hand hoch drüber gehe, laß den Thau zuvor siedent werden, verdecke es
        und laß es Tag und Nacht also stehen, folgends filtire und coagulire es zum [CZ: Salz], und
        reinige es durch öftters filtriren, solviren, und coaguliren, biß es gantz rein und
        durchsichtig, auch keine feces mehr hintterläßt, und also ist es bereittet.  VI. Nun sind zwey Wege, der
        Trockene und Naße, von welchen jeder seine besondere Bereittung erfordert, der Trockene ist
        zwar der Reicheste, aber auch der Mühsambste und gefährlichste, der Naße erfordert viel
        längere Zeit zur coagulation und fixation, und will fast zu Erkürtzung der Zeit mit [CZ: Gold]
        fermentiret seyn, die Bereittung geschiehet also. VII.",N/A,N/A,N/A,N/A,N/A,N/A,N/A,N/A,N/A,N/A,N/A,N/A,N/A,N/A,N/A,N/A,Ja;,N/A,N/A,N/A,N/A,N/A,N/A,N/A,N/A,N/A,N/A,N/A,N/A,N/A
g1a15,A15 Descriptio Tincturae Universalis,In trockenen Wege:,,N/A,N/A,N/A,N/A,N/A,N/A,N/A,N/A,N/A,N/A,N/A,N/A,N/A,N/A,N/A,N/A,N/A,N/A,N/A,N/A,N/A,N/A,N/A,N/A,N/A,N/A,N/A,N/A,N/A,N/A
g1a15,A15 Descriptio Tincturae Universalis,PRAEPARATIO LIQUORIS ET SEPARATIO PRINCIPIORUM,"Wenn du das fixe Sal verferttigest so nimm den Spiritum, thue solchen in eine geraume
        Phiole, daß 3 Theil lehr bleiben, thue das fixe [CZ: Salz] darzu, und auch das Sal Volatile,
        Sigillire die Phiole hermetice, und setze Sie 40 13 Tage lang in das Balneum Maria, daß es
        putreficire und circulire, und zur Scheidung und rectification bequem werde; Wann es also 40
        Tage in digestion gestanden, so nimm die Phiole heraus, öffne dieselbe, u. thue es zusammen in
        ein weittes Kolben Glaß, setze alsobald einen Helm drauf, und lege eine Vorlage für, feste
        lutiret, und laß zuvor das lutum wohl trocken werden, setze die Kolben ins Balneum und
        destillire mit sanften [CZ: Feuer] so steiget ein gantz subtiler und sehr flüchtiger Geist
        oder Spiritus über, diesen bewahre alleine folgends setze den Kolben in Asche, so kömbt ein
        Spiritus mit Andern alß ein Spiritus Vini, und zuletzt das Phlegma, scheide es weitter im
        Sande, so kommen weiße, und hernach rothe Dünste, (diese sammble zu dem Spiritu der nach dem
        flüchtigen stammen war :| und ein Sal Volatile sublimiret sich, haltte an biß sich nichts mehr
        sublimiret, so bleibet am Boden ein braunröthlicht [CZ: Salz], bewahre jedes biß zur Reinigung
        sehr wohl.",N/A,N/A,N/A,N/A,N/A,N/A,N/A,N/A,N/A,N/A,N/A,N/A,N/A,N/A,N/A,N/A,N/A,N/A,"Sal Volatile, Sal Fixum und Spiritus zusammengeben; Mischung digerieren; Digestion im Wasserbad; Digestion 40 Tage;",N/A,N/A,N/A,N/A,N/A,N/A,N/A,N/A,N/A,N/A,N/A
g1a15,A15 Descriptio Tincturae Universalis,VIII.,,N/A,N/A,N/A,N/A,N/A,N/A,N/A,N/A,N/A,N/A,N/A,N/A,N/A,N/A,N/A,N/A,N/A,N/A,N/A,N/A,N/A,N/A,N/A,N/A,N/A,N/A,N/A,N/A,N/A,N/A
g1a15,A15 Descriptio Tincturae Universalis,PURIFICATIO PRIN.,,N/A,N/A,N/A,N/A,N/A,N/A,N/A,N/A,N/A,N/A,N/A,N/A,N/A,N/A,N/A,N/A,N/A,N/A,N/A,N/A,N/A,N/A,N/A,N/A,N/A,N/A,N/A,N/A,N/A,N/A
g1a15,A15 Descriptio Tincturae Universalis,CIPIORUM,"Nachdem die untterschiedenen Substantien von einander geschieden so
        purificire und rectificire jedes Theil vor sich,den Ersten Volatilischen Spiritum durch3 mahl
        destiliren in Balneo, damit solcher gantz rein von den andern Spiritu geschieden werde. Den
        Andern rothen und weißen Spiritum, durch 3 mahl destiliren in Asche, damit alles Phlegma davon
        komme; Das Sal Volatile durch öftteres sublimiren, biß es gantz weiß und ohne alle
        Unreinigkeit ist. Das Sal fixum reinige durch öftteres solviren, filtriren und coaguliren, biß
        es gantz pur, und ohne alle Unreinigkeit, welches in 6 biß 7 mahlen geschehen kan, und also
        sind diese Theile rectificiret, und purificiret.",N/A,N/A,N/A,N/A,N/A,N/A,N/A,N/A,N/A,N/A,N/A,N/A,N/A,N/A,N/A,N/A,N/A,N/A,N/A,N/A,N/A,N/A,N/A,N/A,N/A,N/A,N/A,N/A,N/A,N/A
g1a15,A15 Descriptio Tincturae Universalis,IX. CONJUNCTIO,"Nun setze die
        geschiedenen und purificirten Theile wieder zusammen, und bereitte unser trocken Waßer, so
        nach seiner Bereittung die nicht netzet, welches zu verlangen du das irdische geistlich machen
        must, durch Hülffe des Flüchtigen. Fange demnach am fixen [CZ: Salz] an, deßen nimm 3 Theil,
        darein imbibire successive 1. Theil des Andern Spiritus, wobey die rohte Seele, so in 14 der
        separation zur sehen war, sigillire und digerire es etzliche Tage im Balneo, hernach ziehe die
        Feuchte davon ab, - wiederhole die Zusammensetzung dieser beyden in eben solchem Gewichte, 3
        Theil gegen ein Theil, und verfahre wie zuvor, biß aller Spiritus zum [CZ: Salz] geworden,
        wenn etwas vom Spiritu mit überginge, so thue Ihn allezeit zum übrigen. Alßdenn nimm Ein Theil
        dieses mit dem Spiritu bereitteten [CZ: Salz]es, und 3 Theil des Salis Volatilis, mische es
        wohl unttereinander, und imbibire darin 1 Theil des Volatilischen Spiritus, digerire,
        sigillire 12 biß 14 Tage, und ziehe die überige Feuchtigkeit, welches ein Stück vom Phlegma
        seyn wird, im Balneo davon, wiederhole die Zusammensetzung nach solchen Gewichte, und verfahre
        allerdings wie zuvor, und wenn noch etwas des flüchtige Spiritus übrig, so circulire solchen
        mit dem Sale so lange biß aller Spiritus darin verwandelt worden. Alsdann sublimire solcher
        [CZ: Salz] im Sande so offt biß es alles in die höhe - steiget, und nichts mehr am Boden zue=
        rück bleibet. Und also ist unser drocken Waßer bereittet.",N/A,N/A,N/A,N/A,N/A,N/A,N/A,N/A,N/A,N/A,N/A,N/A,N/A,N/A,N/A,N/A,N/A,N/A,N/A,trocken Wasser;,N/A,N/A,N/A,N/A,N/A,N/A,N/A,N/A,N/A,N/A
g1a15,A15 Descriptio Tincturae Universalis,X.,,N/A,N/A,N/A,N/A,N/A,N/A,N/A,N/A,N/A,N/A,N/A,N/A,N/A,N/A,N/A,N/A,N/A,N/A,N/A,N/A,N/A,N/A,N/A,N/A,N/A,N/A,N/A,N/A,N/A,N/A
g1a15,A15 Descriptio Tincturae Universalis,FIXATIO,"Nimm von diesem unsern bereiteten trockenen Waßer so viel du willst,
        thue es in eine Phiole von solcher größe, daß 3 Theil lehr bleiben, sigillire hermetice, und
        setze es in Athanor und gib 40 Tage lang ein Vaporisches Feuer, so wird es in dieser Zeit
        putrificiren und den Anfang der Philosophischen Nacht machen, nach solcher Zeit, und wenn die
        putefaction vorbey, setze es in Asche, und gieb einen grad mehr [CZ: Feuer], so wird innerhalb
        45 Tagen solches durch alle Farben sich verändern, und zueletzt grüne werden, stärcke also das
        Feuer um einen halben grad, und haltte mit der digestion 21 Tage an, so wird der Aufgang des
        Monden zue sehen seyn, stärcke das [CZ: Feuer] umb den halben Grad, und haltte in solcher
        digestion 21 Tage an, so wird der Mont voll seyn, und die materia im Glaße durch aus weiß
        werden undt gläntzend, halte mit solchem grad der Wärme an, biß der Rand gelb zu werden
        beginnet, dann setze es in Sand, u. gib den 4ten grad, und haltte mit der digestion an, biß
        die Materia im Glaße durchaus roht wie eine Rübe worden ist, welches innerhalb 45 Tagen
        geschehen möchte, alß dann vergrabe die Phiole gantz untterm im Sand und gib 3 oder biß 4 Tage
        starck [CZ: Feuer], so wird sich die Materia scheiden, und in der Mitten ein Rubin rothes Korn
        zu sehen seyn, welches der unschätzbahre Carbunckel oder [CZ: Schwefel] Philosophorum Triumph.
        Auf dieses Zeichen habe gutte acht, nimm hernach die Phiole, wenn es alles wohl erkalttet,
        heraus, und eröffne 15 dieselbe und nimm mit großer Vorsichtigkeit das rothe Korn, alß den
        aller unschätzbarsten Schatz heraus, und bewahre solchen, das andere in der Phiole so auch
        roht und durchsichtig, dienet zur Medicin, der Carbunckel aber wird nicht also zur projection
        dienen, biß er etzlichen mahl mit seinen eigenen Waßer multipliciret worden, so aber in
        kurtzer Zeit geschiehet, das Erstemahl aber die Zeit zu verkürtzen, kan mann den 8ten Theil
        fein geläuttert [CZ: Gold] zusetzen.",N/A,N/A,N/A,N/A,N/A,N/A,N/A,N/A,N/A,N/A,N/A,N/A,N/A,N/A,N/A,N/A,N/A,N/A,N/A,N/A,N/A,N/A,N/A,N/A,N/A,N/A,N/A,N/A,N/A,N/A
g1a15,A15 Descriptio Tincturae Universalis,XI.,,N/A,N/A,N/A,N/A,N/A,N/A,N/A,N/A,N/A,N/A,N/A,N/A,N/A,N/A,N/A,N/A,N/A,N/A,N/A,N/A,N/A,N/A,N/A,N/A,N/A,N/A,N/A,N/A,N/A,N/A
g1a15,A15 Descriptio Tincturae Universalis,MULTIPLICATIO IN QUALITATE,"Nimm Ein Theil dieses Rubin-Korns, u. drey Theil des
        trockenen Waßers, thue es in eine Phiole, und sigillire hermetice im Athanor, und regiere das
        [CZ: Feuer] wie das Erste mahl, so wird in viel kürtzerer Zeit putrificiren, weiß, gelb und
        roth werden, und solches wiederhole so oftt Du wilst, je öftter je beßer, so wird es sich
        allezeit an Kraftt und Tugend sehr vermehren.",N/A,N/A,N/A,N/A,N/A,N/A,N/A,N/A,N/A,N/A,N/A,N/A,N/A,N/A,N/A,N/A,N/A,N/A,N/A,N/A,N/A,N/A,N/A,N/A,N/A,N/A,N/A,N/A,N/A,N/A
g1a15,A15 Descriptio Tincturae Universalis,XII.,,N/A,N/A,N/A,N/A,N/A,N/A,N/A,N/A,N/A,N/A,N/A,N/A,N/A,N/A,N/A,N/A,N/A,N/A,N/A,N/A,N/A,N/A,N/A,N/A,N/A,N/A,N/A,N/A,N/A,N/A
g1a15,A15 Descriptio Tincturae Universalis,MULTIPLICATIO,,N/A,N/A,N/A,N/A,N/A,N/A,N/A,N/A,N/A,N/A,N/A,N/A,N/A,N/A,N/A,N/A,N/A,N/A,N/A,N/A,N/A,N/A,N/A,N/A,N/A,N/A,N/A,N/A,N/A,N/A
g1a15,A15 Descriptio Tincturae Universalis,IN QUANTITATE,"Nimm Ein Theil der Tinctur und drey Theil des besten gereinigten
        [CZ: Gold], laß das [CZ: Gold] im Tigel wohl fließen und treiben, alßdann trage das Theil
        Philosophice darauf, verdecke den Tiegel, und gib 4 oder 5 Stunden starck [CZ: Feuer], und laß
        es wohl fließen, so wirstu eine rothbrüchige materiam finden alß Glaß (dieses ist der Lapis
        Philosophorum) diese pulverisire und bewahre das Pulver zur projection.",N/A,N/A,N/A,N/A,N/A,N/A,N/A,N/A,N/A,N/A,N/A,N/A,N/A,N/A,N/A,N/A,N/A,N/A,N/A,N/A,N/A,N/A,N/A,N/A,N/A,N/A,N/A,N/A,N/A,N/A
g1a15,A15 Descriptio Tincturae Universalis,XIII.,,N/A,N/A,N/A,N/A,N/A,N/A,N/A,N/A,N/A,N/A,N/A,N/A,N/A,N/A,N/A,N/A,N/A,N/A,N/A,N/A,N/A,N/A,N/A,N/A,N/A,N/A,N/A,N/A,N/A,N/A
g1a15,A15 Descriptio Tincturae Universalis,PROJECTIO,"Nimm 100 Theil purgirten Mercurium, laß solchen in einen Tiegel wohl
        warm werden, und wenn es beginnt zu rauchen, so trage Ein Theil von dem Lapide modo
        philosophico darauf, und verdecke den Tiegel, so wird der Mercurius alle zu einer brühigen
        materia werden, davon trage so lange Ein Theil auf ander 100 Theil Mercurij biß es nicht mehr
        zum Pulver, sondern zu beständigen [CZ: Gold] wird. Ende des trockenen Weges. 16",N/A,N/A,N/A,N/A,N/A,N/A,N/A,N/A,N/A,N/A,N/A,N/A,N/A,N/A,N/A,N/A,N/A,N/A,N/A,N/A,N/A,N/A,N/A,N/A,N/A,N/A,N/A,N/A,N/A,N/A
g1a15,A15 Descriptio Tincturae Universalis,XIV.,,N/A,N/A,N/A,N/A,N/A,N/A,N/A,N/A,N/A,N/A,N/A,N/A,N/A,N/A,N/A,N/A,N/A,N/A,N/A,N/A,N/A,N/A,N/A,N/A,N/A,N/A,N/A,N/A,N/A,N/A
g1a15,A15 Descriptio Tincturae Universalis,Naßer Weg,,N/A,N/A,N/A,N/A,N/A,N/A,N/A,N/A,N/A,N/A,N/A,N/A,N/A,N/A,N/A,N/A,N/A,N/A,N/A,N/A,N/A,N/A,N/A,N/A,N/A,N/A,N/A,N/A,N/A,N/A
g1a15,A15 Descriptio Tincturae Universalis,RECTIFICATIO ET PURIFICATIO PRINCIPIORUM,"Den liquoren worinnen die rohte Sele
        oder [CZ: Schwefel] Philosophorum stecket, rectificire erst, cohibire denselben 2 biß 3 mahl
        erstlich über das Caput mortuum, damit Er Seiner Unreinigkeit desto beßer verlire, und
        dephlegmire solchen zue etzlichen mahlen. Du kanst aber auch diesen liquorem, damit durch die
        cohibitiones nichts mehr vom sale volatili, das noch darbey seyn möchte, verlohren gehe,
        erstlich etzliche Wochen digeriren u. hernach denselben gelinde destilliren und von allen
        phlegmate separiren, so machet sich sich dürch die digestion das Sal volatile loß, und
        sublimiret sich auf; Das Phlegma abstrahire auch nochmahls gantz gelinde, in Balneo, so
        bleibet, woherer etwas das Salis volatilis mit übergestigen, daßelbe in fundo, dieses Sal
        Volatile thue allzusammen in einen Kolbe, und sublimir es so oftt im Sande, biß es gantz weiß
        aufsteiget, und nichts mehr hinter sich läßet, welches in 2 biß 3 Mahlen geschiehet; Das Sal
        Fixum reinige durch öftteres Solviren in dem phlegmate, filtrire, coagulire, und reinige es so
        oftt, biß es ohne alle Unreinigkeit, und durchsichtig worden ist.",N/A,N/A,N/A,N/A,N/A,N/A,N/A,N/A,N/A,N/A,N/A,N/A,N/A,N/A,N/A,N/A,N/A,N/A,N/A,N/A,N/A,N/A,N/A,N/A,N/A,N/A,N/A,N/A,N/A,N/A
g1a15,A15 Descriptio Tincturae Universalis,XV:,,N/A,N/A,N/A,N/A,N/A,N/A,N/A,N/A,N/A,N/A,N/A,N/A,N/A,N/A,N/A,N/A,N/A,N/A,N/A,N/A,N/A,N/A,N/A,N/A,N/A,N/A,N/A,N/A,N/A,N/A
g1a15,A15 Descriptio Tincturae Universalis,PRAEPARATI [CZ: Schwefel] RIS NOSTRI,"Nimm das reine Sal fixum, thue solches in
        eine Phiole gieß darauf den rectificirten Spiritum oder liquorem, sigillire hermetice, und
        setze es einen Philosophirten Monath in digestion in eine gelinde Wärme, damit sich
        vermittelst solcher Wärme der liquor theile, und deßen [CZ: Feuer]riger Seele, alß der [CZ:
        Schwefel] von den Magneten, alß der [CZ: Salz] fix: angezogen und sichtbahr werde. Alß dann
        wenn es also digeriret, so thue es in ein Kölblein und ziehe den Spiritum in Asche davon, und
        wenn rothe Tropffen im Helm erscheinen, so nimm den übersteigenden Spiritum hinweg, lege eine
        andere Vorlage vor, und setze den Kolben in Sand und regiere das [CZ: Feuer] das der Sand
        ziehet wenn mann darauf Waßer tröpffet, so wird der [CZ: Schwefel] oder die rothe Seele unsers
        Liquoris von dem Magneten durch die Gewald des [CZ: Feuer] wieder über getrieben, und bludroth
        übergehen, wenn nun nichts mehr gehen will, so laß es erkaltten, und bewahre es gar wohl; Du
        kanst auch den liquorem so offt über das [CZ: Salz] fixum cohibiren, biß Er blutroth
        übergehet, aber der Erste Weg ist beßer.",N/A,N/A,N/A,N/A,N/A,N/A,N/A,N/A,N/A,N/A,N/A,N/A,N/A,N/A,N/A,N/A,N/A,N/A,N/A,N/A,N/A,N/A,N/A,N/A,N/A,N/A,N/A,N/A,N/A,N/A
g1a15,A15 Descriptio Tincturae Universalis,XVI.,,N/A,N/A,N/A,N/A,N/A,N/A,N/A,N/A,N/A,N/A,N/A,N/A,N/A,N/A,N/A,N/A,N/A,N/A,N/A,N/A,N/A,N/A,N/A,N/A,N/A,N/A,N/A,N/A,N/A,N/A
g1a15,A15 Descriptio Tincturae Universalis,CONJUNCTIO,"Wiege jedes Theil vor sich selbst sehr genau, damit du solches wieder
        nach dem rechten pondere zusammen fügen kanst, denn hierinne bestehet unser geheimes Gewichte
        welches unser Werck in sich selbst hatt, theile es eines jedweden principij Gewichte in
        gleiche Theile nach der Rechnung u. füge solche wieder zusammen, alß du hättest 12 Loth des
        weißen Spiritus 17 ½ Loth des [CZ: Salz] volat. 2. Loth des Salis Fixi und und ½ Loth der
        rothen Seele, so nimm vom Spiritu 3. Loth, vom Sale Volat. ½. quentlein, vom Sale fixo ½ Loth,
        thue es zusammen in einen Kolben, und destillire es so oftt herüber, biß alles übergehet, und
        nichts am Boden zurücke bleibet, und also hastu das fixe flüchtig gemacht, und solches wohl
        uniret, und ist das menstruum universale ferttig; Alßdenn thue darzu ein Theil der rothen
        Seele, nach obigen Gewichte alß ½ [Unze] und unire es wohl.",N/A,N/A,N/A,N/A,N/A,N/A,N/A,N/A,N/A,N/A,N/A,N/A,N/A,N/A,N/A,N/A,N/A,N/A,N/A,N/A,N/A,N/A,N/A,N/A,N/A,N/A,N/A,N/A,N/A,N/A
g1a15,A15 Descriptio Tincturae Universalis,XVII.,,N/A,N/A,N/A,N/A,N/A,N/A,N/A,N/A,N/A,N/A,N/A,N/A,N/A,N/A,N/A,N/A,N/A,N/A,N/A,N/A,N/A,N/A,N/A,N/A,N/A,N/A,N/A,N/A,N/A,N/A
g1a15,A15 Descriptio Tincturae Universalis,FIXATIO,"Dieses menstrui, wobey der [CZ:
        Schwefel] schon uniret, nimm so viel alß du wilst, und thue es in eine Phiole von solcher
        Größe daß 3. Theil lehr bleiben, die Zeit aber zu verkürtzen setze ein Theil fein gefeilet
        [CZ: Gold] zu 7. Theilen des obigen, sigillire solches und setz es in gelinde Wärme, so wird
        das [CZ: Gold] darinnen aufgelößet, und zu einem Saamen verkehret, in welchem Semine die prima
        materia des [CZ: Gold] enthaltten, und von unserer prima materia angezogen wird, und sich
        unabscheidlich uniret, und die übrige Unreinigkeit sincket an Boden, von solcher Unreinigkeit
        seige das läuttere gar sanftt in eine andere Phiole durch einen gläsernen Trichter von solcher
        Größe wie oben, sigillire es hermetice, und setze es in Athanor, gib 40. Tage ein vaporisches
        [CZ: Feuer], so wird in solcher Zeit die materia putreficiren und die Schwärtze erreichen,
        wenn solches vorbey, so setze die Phiole in Asche, und gib 1 grad mehr [CZ: Feuer], so
        erzeiget sich der Regenbogen, und wird zuletzt eine grüne Farbe, welche unsere gesegnete Grüne
        ist, haltte mit der digestion 45. Tage an, und stärcke das [CZ: Feuer], so beginnet es weiß zu
        werden, haltte in diesem grad der Wärme an, biß alles durchaus gantz weiß und gläntzend wird. Nunmehro hastu die weiße Tinctur, welche, nach Ihrer multiplication [CZ: Kupfer] in [CZ:
        Silber] verwandelt. Setze die Phiole in Sand, und haltte in solchem gradu biß es beginnet umb
        den Sand gelbe zu werden, dann gib den viertten Grad, und haltte aus biß alles im Glaß
        durchaus roth geworden ist, alßdann vergrabe die Phiole in Sand, und gib 3. Tage starck [CZ:
        Feuer], so scheidet sich in der Mitte ein Korn wie ein Rubin, welches die aller edelste tinctur ist, und also ist die Q.
        Essenz erlanget, wofür Gott höchlich zu loben, und Ihme zu dancken ist, die unterste rothe
        durchsichtige Erde ist zur medicin zu gebrauchen alß eine Panacea Dos. 2 biß 3. gr. Sonsten
        wirstu bey diesem Wercke große Wunder sehen, wofür du billig Gott dancken wirst, dass Er dich
        also glücklich gemachet hatt. erweise dich darumb gegen Deinen Nechsten diensttferttig, und
        meyde das Böße, sey nicht stoltz noch neydisch, sondern diene nach der Eigenschaftt Gottes,
        deßen Geschöpffe du bist, nimm jeden, laß dier die Armen befohlen seyn, und solchen auch des
        reichen Seegens Gottes nach nothdurftt genießen, so wirstu alles haben was du bedarffest.
        Diese unschatzbahre Tinctur ist sowohl an Kräftten, alß auch an Gewichte unendlich zu
        vermehren, tingire auch nach der Ersten Fixation nicht über 10 Theile, biß es sich zuvor
        wieder in seinem Waßer, woraus es kommen, erquicket, womit mann eben zu Wercke gehet, wie das
        Erste mahl, außer daß die Zeit viel kürtzer ist;",N/A,N/A,N/A,N/A,N/A,N/A,N/A,N/A,N/A,N/A,N/A,N/A,N/A,N/A,N/A,N/A,N/A,N/A,N/A,N/A,N/A,Qualität des Goldes; klein gefeiltes Gold; Verhältnis Gold : Menstruum Universale 1 : 7; Gold und Menstruum Universale in Phiole; Digestion; Gold löst sich auf; Abgießen; Goldlösung in Phiole überführen; Phiole zu zwei Drittel leer; Phiole hermetisch sigillieren;,N/A,gefüllte Phiole in Athanor; 1. Phiole in Wasserdampf; 1a. 40 Tage im Wasserdampf; 1b. im Wasserdampf Putrefaction; 2. Phiole in Aschebad; 2b: im Aschebad Pfauenschwanz; nach Pfauenschwanz grün; 2c: weitere 45 Tage im Aschebad: Weiß; 3. Phiole in halben Sandbad; 3a: Phiole schaut aus Sand heraus; 3e: im halben Sandbad jetzt Gelb; 4: Phiole komplett im Sandbad; 4a: 3 Tage im kompletten Sandbad; 4b: im kompletten Sandbad Rot; 4c: im kompletten Sandbad in der Mitte Rubinkorn; 5: rotes Rubinkorn entnehmen;,Quintessenz;,N/A,N/A,Verhältnis Rubinkorn : Menstruum Universale 1 : 3; in Phiole überführen;,N/A,N/A
g1a15,A15 Descriptio Tincturae Universalis,XIIX.,,N/A,N/A,N/A,N/A,N/A,N/A,N/A,N/A,N/A,N/A,N/A,N/A,N/A,N/A,N/A,N/A,N/A,N/A,N/A,N/A,N/A,N/A,N/A,N/A,N/A,N/A,N/A,N/A,N/A,N/A
g1a15,A15 Descriptio Tincturae Universalis,MULTIPLICATIO IN QUALITATE,"Nimm 1 Theil der Tinctur, oder des Rubin rothen Korns
        und 3 theil (auch 7. Theil) des menstrui universalis, sigillire es zusammen in einer Phiole,
        und setze es in Athanor, und regiere dieses [CZ: Feuer] per gradus nach Nothdurftt, welches du
        nach der letzten elaboration wohl wahrnehmen wirst, biß es zuletzt wieder fix und zue einem
        Rubin rothen Stein wird, und solches wiederhole 7 mahl, und nachdem es roth worden, gib wieder
        ein paar Tage starck Feuer, so scheidet sich die Tinctur von der Erde.",N/A,N/A,N/A,N/A,N/A,N/A,N/A,N/A,N/A,N/A,N/A,N/A,N/A,N/A,N/A,N/A,N/A,N/A,N/A,N/A,N/A,N/A,N/A,N/A,N/A,N/A,N/A,N/A,N/A,N/A
g1a15,A15 Descriptio Tincturae Universalis,XIX.,,N/A,N/A,N/A,N/A,N/A,N/A,N/A,N/A,N/A,N/A,N/A,N/A,N/A,N/A,N/A,N/A,N/A,N/A,N/A,N/A,N/A,N/A,N/A,N/A,N/A,N/A,N/A,N/A,N/A,N/A
g1a15,A15 Descriptio Tincturae Universalis,LAPIS PHILOSOPHORUM oder MULTIPLICATIO IN QUANTITATE,"18 Nimm 3 Theil gereinigt [CZ: Gold], laß solches in einen gutten Tiegel wohl fließen, u.
        treiben, trage alß denn ein Theil der Tinctura Philos. darauf, verdecke den Tigel und laß es
        ein paar Stunden biß 3 Stunden starck fließen, so wirstu den lapidem alß eine brüchige materia
        finden, die pulverisire und bewahr. Dieses dienet nicht zur Medicin der Menschen, sondern zur
        transmutation der Metallen.",N/A,N/A,N/A,N/A,N/A,N/A,N/A,N/A,N/A,N/A,N/A,N/A,N/A,N/A,N/A,N/A,N/A,N/A,N/A,N/A,N/A,N/A,N/A,N/A,N/A,N/A,N/A,N/A,multiplizierte Tinktur und Gold; Verhältnis Tinktur : Gold = 1 : 3; 3 Stunden schmelzen; Gold und Tinktur schmelzen; Gold wird brüchig; Gold zu Pulver stoßen;,N/A
g1a15,A15 Descriptio Tincturae Universalis,XX.,,N/A,N/A,N/A,N/A,N/A,N/A,N/A,N/A,N/A,N/A,N/A,N/A,N/A,N/A,N/A,N/A,N/A,N/A,N/A,N/A,N/A,N/A,N/A,N/A,N/A,N/A,N/A,N/A,N/A,N/A
g1a15,A15 Descriptio Tincturae Universalis,PROJECTIO,"Nimm 100 Theil Mercury purgati, last solchen im Tigel wohl warm werden
        und wenn Er beginnet einen schwartzen Rauch von sich zu geben, alßdenn trage 1 Theil des
        Lapidis Philosophici darein, verdecke den Tiegel und laß es wohl fließen 4 Stunden, so wird
        aller Mercurius zue Pulver, davon trage einen Theil auf andere 100 Theile biß es nicht mehr zu
        Pulver, sondern zu feinem und beständigen [CZ: Gold] tingiret wird.",N/A,N/A,N/A,N/A,N/A,N/A,N/A,N/A,N/A,N/A,N/A,N/A,N/A,N/A,N/A,N/A,N/A,N/A,N/A,N/A,N/A,N/A,N/A,N/A,N/A,N/A,N/A,N/A,N/A,fermentiertes Goldpulver und Quecksilber; 1 Teil fermentiertes Goldpulver und 100 Teile Quecksilber in Schmelztiegel; Resultat: Gold;
g1a15,A15 Descriptio Tincturae Universalis,Ende,,N/A,N/A,N/A,N/A,N/A,N/A,N/A,N/A,N/A,N/A,N/A,N/A,N/A,N/A,N/A,N/A,N/A,N/A,N/A,N/A,N/A,N/A,N/A,N/A,N/A,N/A,N/A,N/A,N/A,N/A
g1a16,A16 Processus Praeparationis Salis Nitri Nostri e Terrae Virginea,[Start of Document],,N/A,N/A,N/A,N/A,N/A,N/A,N/A,N/A,N/A,N/A,N/A,N/A,N/A,N/A,N/A,N/A,N/A,N/A,N/A,N/A,N/A,N/A,N/A,N/A,N/A,N/A,N/A,N/A,N/A,N/A
g1a16,A16 Processus Praeparationis Salis Nitri Nostri e Terrae Virginea,A16 Processus Praeparationis Salis Nitri Nostri e Terrae Virginea,25,Alexander Sethonius;,N/A,N/A,N/A,fette Erde;,ohne Steine;,N/A,N/A,N/A,Fass; wie Salpetersieder; Fass mit Stellhölzern; Fass mit Zapflöchern; Stroh auf die Stellhölzer; warmes Wasser; 24 Stunden stehen lassen;,N/A,N/A,N/A,N/A,N/A,N/A,N/A,N/A,N/A,N/A,N/A,N/A,N/A,N/A,N/A,N/A,N/A,N/A,N/A,N/A
g1a16,A16 Processus Praeparationis Salis Nitri Nostri e Terrae Virginea,Processus Praeparationis Salis Nitri Nostri e Terrae Virginea,"Laßet Euch machen
        etzliche Fäßer wie die Salpeter-Sieder haben, unten mit Stellhöltzern und Zapffen, laßet einer
        zwerchen Hand hoch rein Stroh fest auf einander auf die Stell-Höltzer legen, schüttet die
        Fäßer fest voll reiner Erde, auß einer Leichen-Gruben, die nicht steinicht, und fein fett ist,
        gießet oben darauf rein warm Wasser, allerdings wie es die Salpeter-Sieder machen, laß es 24
        Stunden stehen, daß es das reine Saltz auß der Erden in sich ziehen, darnach laßt untten
        Zapffenloch fein sacht abtrieffen in ein ander höltzern Gefäß, und machet solcher Erde Laugen
        eine gutte quantität, wenn nun derselben eine gutte Nohtdurfft vorhanden, so laßet solche in
        einen eingemauerten Keßel einsieden, biß der Keßel ein 8 oder 10 eingesotten. Darbey aber ist inacht zunehmen, daß es keinmahl über die
        Helffte einsiede. Wenn nun letzlich ein halber Keßel voll gutter starcker Lauge übrig, so
        schlaget oder thut sie heraus in einen sonderlichen Keßel, der in der frischen Erden stehet,
        und laßets also etzliche Tage kühl und unbedecket stehen, so wächset das reine ErdenSaltz im
        Keßel an, wie anderer Salpeter, daßelbe müst Ihr hernach mit solviren und coaguliren so offt
        reinigen und läutteren, biß es gantz schön durchsichtig und cristallinisch worden. Das heißet
        dann Sal Nitri Terra Philosophicum, welches im Meer der Welt schwebet, das Waßer welches die
        Hände nicht naß macht, ohne welches in der gantzen Welt nichts gebohren noch gezeuget werden
        kann. Und alßdann habt Ihr das Secretum omnium Philosophorum in Händen, und den Brunnquell
        Fontanam Naturae, darinnen der gedachte Spiritus Naturae häuffig verborgen stecket, darauß
        Leben und Gesundheit herfließet, wie ferner wird angezeuget werden.",N/A,N/A,N/A,N/A,N/A,N/A,N/A,N/A,N/A,N/A,Kessel; Sieden; Eindampfen bis 50 Prozent; Wiederholung 8-10 Mal; Nach Einsieden stehen lassen; Salz kristallisiert aus; Salz wird gereinigt;,"Sal nitri terrae Philosophorum; Wasser, dass die Hände nicht netzt; Secretum omnium Philosophorum; Brunnquell Fontanam Naturae;",N/A,N/A,N/A,N/A,N/A,N/A,N/A,N/A,N/A,N/A,N/A,N/A,N/A,N/A,N/A,N/A,N/A,N/A
g1a16,A16 Processus Praeparationis Salis Nitri Nostri e Terrae Virginea,Jetzo wollen wier nun ins Laboratorium Chimicum kommen.,"Dieses unser Sal Nitri
        Terrae, ob es wohl dem Ansehen nach, nur ein einig Ding zue seyn scheinet, hatt es doch drey
        untterschiedliche Salia in sich, denn vor sich selbst ist es erstlich unser Philosophisch Sal
        Nitri, darinnen der Spiritus Mundi stecket, nicht gar flüchtig, auch nicht gar fix, sondern
        einer mittelmäßigen Natur. Fürs Andere hatt es in sich ein Sal Armoniacum, oder Volatile. Fürs
        Dritte stecket auch in Ihme ein Sal Alkali oder Fixum. Also ist es drey einig und imitiret
        Seinen Schöpfer in diesem Puncto welches alles durch die Bereitung des Feuers, auf
        nachfolgende Weise, offenbahr gemacht wird.",N/A,N/A,N/A,N/A,N/A,N/A,N/A,N/A,N/A,N/A,N/A,N/A,N/A,N/A,N/A,N/A,N/A,N/A,N/A,N/A,N/A,N/A,N/A,N/A,N/A,N/A,N/A,N/A,N/A,N/A
g1a16,A16 Processus Praeparationis Salis Nitri Nostri e Terrae Virginea,PRAEPARATIO SPIRITUS ET SALIS VOLATILIS,26,N/A,N/A,N/A,N/A,N/A,N/A,N/A,N/A,N/A,N/A,N/A,N/A,N/A,N/A,N/A,N/A,N/A,N/A,N/A,N/A,N/A,N/A,N/A,N/A,N/A,N/A,N/A,N/A,N/A,N/A
g1a16,A16 Processus Praeparationis Salis Nitri Nostri e Terrae Virginea,VOLATILIS E NOSTRO SALE NITRI,"Nehmet von gedachten unsern schönen Erden-Saltz 1 lb stoßet es klein, und mischet daruntter
        3 lb seiner eigenen Erden daraus es gezogen worden. (Dieselbe Erde aber muß zuvor in einem
        Töpffers Offen wohl calciniret seyn) machet runde Kugeln daraus, mit ein wenig Waßers, last
        sie trocknen, und destilliret sie in einer gutten irdenen Retorte per gradus [CZ: Feuer]
        herüber in eine Vorlage, darin ein Maaß rein destilliret Waßer sey, treibts zuletzt wenn die
        Spiritus herüber, mit starcken [CZ: Feuer], so sublimiret sich das flüchtige Saltz, theils in
        der Vorlage, theils im Halße der Retorten, Lasts gemachsam erkaltten, den Spiritum und das Sal
        Volatile waschet beydes zusammen in der Vorlage, nehmet nun wieder ein neu lb Salis Nitri, und
        3 lb seiner calcinirten Erden, thut wieder einen Brand, also den dritten, vierten oder so viel
        Ihr wollet, und sammlet den Spiritum sambt dem [CZ: Salz] Volatili, fleißig zusammen,
        ingleichen auch alle Capita mortua, den Spiritum und das Sal Volatile thut zusammen in eine
        gläßerne Kolben, so darzu groß genung, separiret das Phlegma in MB davon, alß dann setzet es
        in die Cineres oder Arenam, ziehet den Spiritum auch besonders herüber, und rectificiret
        solchen etzliche mahl in cineribus, und verwahrets in einem weitten geraumen Glaß, in loco
        frigido, dem Sali Volatili aber, so noch in fundo, gebet starck Feuer, so erhebet sich daßelbe
        auch in die Höhe, solch sublimiren wiederholt so offt, biß es keine feces mehr hinter sich
        läst, daßelbe verwahret dann wohl zuegebunden in loco calido.",N/A,N/A,N/A,N/A,N/A,N/A,N/A,N/A,N/A,N/A,N/A,N/A,ausgelaugte Erde calcinieren; Erdsalz und calcinierte Erde vermischen; Verhältnis Erdsalz zu Erde 1:3; mit Wasser; Kugeln herstellen; Mischung in Retorte geben; in Vorlage Wasser; 1 Maß Wasser; destilliertes Wasser; per Gradus destillieren; Spiritus geht über; Sal volatile geht über; Spiritus und Sal volatile vermischen;,Spiritus und Sal volatile in Retorte; Retorte = Glaskolben; 1. Retorte in Wasserbad; im Wasserbad Phlegma abtrennen; 2. Retorte in Aschebad oder Sandbad; 2.1. Spiritus abdestillieren; 2.2. Sal Volatile übersublimieren; 3.1. wiederholtes Übersublimieren des Sal Volatile; 3.2. wiederholtes Rektifizieren des Spiritus; Spiritus kühl lagern; Sal Volatile warm lagern;,N/A,N/A,N/A,N/A,N/A,N/A,N/A,N/A,N/A,N/A,N/A,N/A,N/A,N/A,N/A,N/A
g1a16,A16 Processus Praeparationis Salis Nitri Nostri e Terrae Virginea,PRAEPARATIO SALIS FIXI,"Jetzt nehmet nun die Capita mortua von allen Bränden vor
        die Hand calciniret Sie noch einmahl mit starcken Feuer in einen Töpffer- oder Ziegel- Offen,
        ziehet alß denn das Sal Fixum heraus, und purificiret solches auf den höchsten Grad. Nun",N/A,N/A,N/A,N/A,N/A,N/A,N/A,N/A,N/A,N/A,N/A,N/A,N/A,N/A,N/A,bereits verwendete Kugeln calcinieren; Extraktion mit Wasser; Extrakt reinigen;,N/A,N/A,N/A,N/A,N/A,N/A,N/A,N/A,N/A,N/A,N/A,N/A,N/A,N/A
g1a16,A16 Processus Praeparationis Salis Nitri Nostri e Terrae Virginea,Nun folget die wiederzusammensetzung der drey Principiorum unsers Opusculi,"Bißher habt Leib, Seele und Geist unsers gebenedeyten Steines von einander geschieden, und
        ein jedes absonderlich, so hoch Ihrs in dieser Arbeit, durch die edle Pyrotechniam, bringen
        können, von Seinen heterogeneribus und anhangenden Flucht gereiniget; Jetzo wollen wir nun
        solche drey gereinigte Stücke wieder zusammen setzen, und in eines bringen. Nehmet derowegen
        im Nahmen des Herrn Euer flüchtig und ander fixes Saltz, so viel Ihr deßen überahl bekommen,
        alles zusammen, reibet es in einer kleinen Glaß-Schalen zum subtilen Pulver, thut es in ein
        hoch und weit Kolben-Glaß, und gißet alleintzelich andere gereinigten Spiritum e nostro sale
        Nitri gemachsamb darauf, setze es dann wohl verwahret hin, in eine gelinde digestion, so
        werden sich diese 3. principia gar lieblich wieder mit einander vereinigen, und alle 3 zue
        einen eigenen Waßer werden. Wäre es aber Sache, daß es noch etzliche feces oder weißliche
        terram gen Boden fallen ließe, so separiret dieselbe davon, und freut Euch in dem Herrn mit
        hertzlicher Freude, dancket ihm Tag und Nacht, wenn Ihr so weit gebracht habt, denn jetzt habt
        Ihr den rechten wahren Haupt-Schlüssel oder Philosophischen Stein in Händen, mit welchen Ihr
        alle verschloßene Thüren und Thore aller Metallen und Mineralien auch Edelgesteine
        aufschließen und in das aller geheimste Quartum Robur der Natur kommen könnt. Denn dieses
        Waßer ist das wahrhaftte Menstruum Universale, das rechte Waßer des Leebens, mit welchem sich
        alle Metalla gerne vereinigen insonderheit aber das Gold, welches sich darinne verjünget wie
        ein Adler. Es ist das Waßer, welches alle Metallen die gleichsam ohnmächtig und tod sind,
        wieder erquicket und impregniret, lebendig, und fruchtbahr machet; Es ist die rechte Fontana,
        darinnen sich alle, in Sonderheit aber der König, gerne baaden. Es ist Ihre rechte Mutter von
        der Sie alle anfänglich herkommen, und in deren Leib Sie wieder gebohren werden. Es ist des
        Basilij alles in allem. Denn es ist alles weil 27 alles in Ihm stecket, und alles auß Ihm herkommet; Und weil es das Esse allen Dingen
        giebet, und auch das Verum Esse aller Dinge ist, Also ists nicht unbillig alles in allen. Es
        ist unsere Philosophische Milch, welche durch das metallische Coagulum, nemlich [CZ: Gold]iche
        gemachet und zue einem Steinhartten Philosophischen Käße wird. Die Zusammensetzung des
        Ferments oder [CZ: Gold] mitt unserem Waßer.    Ich habe gesagt, daß sich der König oder das Gold mit unserm Waßer gerne vereinige, und
        sich darinnen verjüngere wie ein Adler. Jetzo will Ich Euch daßelbe zue machen auch lehren.
        Nehmet einen Theil klein gefeilt Gold, und unsers [CZ: Quecksilber] Waßers 10 Theil, thuts
        zuesammen in ein rein scheide Kölblein, so wird unser Waßer von stund an das Gold gantz
        lieblich und natürlich auflösen. Stellet es eine Nacht hinn, scheidet alßdenn die Erden so
        sich gesetzet hatt, davon, das Andere aber gißet in ein rein und starck Phiol-Gläßlein, daß 2
        Theil deßelben lehr bleiben, verschmeltzets aufs beste, und setzet es im Nahmen des Herrn in
        Euren digerir-Offen gebet Ihm erstlich ein Vaporisch Feuer, in währender putrefaction und
        Schwärtze, welches genungsamb zwischen 40 und 50 Tagen geschiehet. Alßdenn setzet es in die
        Asche, und gebet Ihm etwas stärcker Feuer, daß Euer Glaß so warm sey, alß die Sonne mitten im
        Sommer auf die Schieffer scheinet, so werden sich die folgenden 50. Tage über allerley Farben
        sehen laßen. Hernach setze es in den Sand so tief, daß es gutten thalers breit bloß stehet, so
        werdet Ihr abermahl in 50 Tagen den hellen Philosophischen Monden-Schein, oder die edle Dianam
        in einen schönen weißen Kleyd zuschauen bekommen, laßet Euch aber solche der Diana Schönheit
        nicht zu sehr gefallen, und laßet deßwegen noch nicht ab, sondern continuiret einen gradum
        ignis, so wirds in 30 Tagen alles Gelbe werden. Alß denn vergrabet das Glaß gantz hinnuntter
        in Sand, und gebt Ihm ein ziemlich starck Feuer, so wirds in 40 Tagen gantz roht werden, und  Und in der Mitten ein hell leuchtend
        Rubin roht Körnlein sehen laßen, und also endlich der König des Reichs, und
        Feuer-Beständige-Phönix-Vogel gleich alß ein junges Hünlein auß Seinen Schalen herfür
        kriechen, u. sich ingestalt eines rubinrothen Körnleins sehen laßen, und wird alßo endlich der
        König des Reichthums und der Gesundheit gebohren werden. Daßelbe Körnlein nehmet nun heraus
        und sondert es von Seinen Andern rothen Pulver, alß von Seinen excrementis ab, denn solche
        sind in Seiner innersten Wurtzel gestecket, und hatt Sie in dieser zu erläuttern. Die Natur
        selber, weil es der Kunst nicht möglich gewesen, per minima davon geschieden. Und habt Ihr
        alhier Augenscheinlich zu ersehen, daß es nicht alles lautter Lapis, oder Tinctur wird, was
        mann in der Macht Arbeit einsetzt, sondern die verständige Natur scheidet nur das 5tum esse
        davon, und läßet die feces ut sulphura, alß heterogenea liegen dieselben thut hinweg, das
        reine Körnlein aber verwahret alß einen hochtheueren und königlichen Schatz, denn es ist das
        wahrhaftte, höchstgereingte Quintum esse und semen auri das rechte tingirende Gold-Körnlein,
        und ein solch lebens kräfttiges Füncklein, mit welchem Ihr ein unaußlöschliches Feuer,
        immerwehrendes Reichtum, Euch anzünden könnet, vermittelst oftt wiederholter imbibition und
        coagulation auf folgende Weise.",N/A,N/A,N/A,N/A,N/A,N/A,N/A,N/A,N/A,N/A,N/A,N/A,N/A,N/A,N/A,N/A,Nein;,N/A,"Sal Volatile im Mörser fein reiben; Sal Fixum im Mörser fein reiben; Sal Volatile, Sal Fixum und Spiritus zusammengeben; Mischung digerieren; Filtration;",der wahre rechte Hauptschlüssel; der Philosophische Stein; Menstruum Universale; das rechte Wasser des Lebens; die rechte Fontina;,N/A,Qualität des Goldes; klein gefeiltes Gold; Verhältnis Gold : Menstruum Universale 1 : 10; Gold und Menstruum Universale in Kolben; Gold löst sich auf; Abgießen; Goldlösung in Phiole überführen; Phiole zu zwei Drittel leer; Phiole zuschmelzen;,N/A,gefüllte Phiole in Athanor; 1. Phiole in Wasserdampf; 1a. 40-50 Tage im Wasserdampf; 1b. im Wasserdampf Putrefaction; 2. Phiole in Aschebad; 2a: 50 Tage im Aschebad; 2b: im Aschebad Pfauenschwanz; 3. Phiole in halben Sandbad; 3a: Phiole schaut aus Sand heraus; 3b: 50 Tage im halben Sandbad; 3c: zuerst im halben Sandbad Weiß; 3d: weitere 30 Tage im halben Sandbad; 3e: im halben Sandbad jetzt Gelb; 4: Phiole komplett im Sandbad; 4a: 40 Tage im kompletten Sandbad; 4b: im kompletten Sandbad Rot; 4c: im kompletten Sandbad in der Mitte Rubinkorn; 4d: im kompletten Sandbad außen rotes Pulver; 5: rotes Rubinkorn entnehmen;,der rechte König des Reichtums und der Gesundheit; Goldsamen; Quintum Esse;,Secunda Compositio;,N/A,N/A,N/A,N/A
g1a16,A16 Processus Praeparationis Salis Nitri Nostri e Terrae Virginea,Die Zusammensetzung des Lapidis mit seinem eigenen Liquore,"Weil die Philosophi
        sagen: Lapis noster non tingit, nisi prius tingatus liquore proprio, so mehret dieses; Nehmet
        Euern neugebohrenen Phoenicem, und setzet Ihm seines eigenen Waßers (menstrui Philosophici) 10
        Theil zue, und procediret allermaßen wie in der Ersten Arbeit, biß es wieder auf die höchste
        und vollkommene Röthe gebracht, und ohne Rauch ferner gantz beständig gemachet worden.",N/A,N/A,N/A,N/A,N/A,N/A,N/A,N/A,N/A,N/A,N/A,N/A,N/A,N/A,N/A,N/A,N/A,N/A,N/A,N/A,N/A,N/A,N/A,N/A,N/A,N/A,N/A,N/A,N/A,N/A
g1a16,A16 Processus Praeparationis Salis Nitri Nostri e Terrae Virginea,SEQUITUR MULTIPLICATIO,"Nehmet Euerer Medicin einen Theil, unsers Waßers 10 Theil
        setzet es 28 es ein, und laßets durch die Farben gehen, biß zur fixen Röthe. Also möget Ihr mit unserm
        Waßer multipliciren so oftt und viel Ihr wollet. Es die Composition einerley process und
        Arbeit, einmahl wie das andere, nur alleine daß es an der Zeit immer kürtzer, und so viel eher
        zue Ende gehet, je öftter Ihr Ihn mit Seinem eigenen Waßer begießet und coaguliret. Und wenn
        Ihrs so weit gebracht, so ists hernach nur eine Kurtzweil und Kinderspiel, und behalttet Euch
        allezeit einen Theil der Tinctur zurück zur multiplication, so könnet immer in Würcken bleiben
        und dörftt das Werck nicht wieder von fornen anfangen. In der Ersten Multiplication bringt Ihr
        den Tinctur Theil auf 10. theil in der Andern auf 100, in der Dritten auf 1000, in der
        Viertten auf 10000 und also consequenter jede multiplication auf 10 höher in infinitum hinein,
        nur jedesmahl Menstruum 10 Theil zue einem Theil Tinctur genommen.",N/A,N/A,N/A,N/A,N/A,N/A,N/A,N/A,N/A,N/A,N/A,N/A,N/A,N/A,N/A,N/A,N/A,N/A,N/A,N/A,N/A,N/A,N/A,N/A,N/A,N/A,N/A,Verhältnis Rubinkorn : Menstruum Universale 1 : 10; im Athanor durch alle Farben; schnellere Wiederholung der ersten Operation; mehrfache Multiplikation; jede erneute Multiplikation ist schneller als die vorige; nach 1. Multiplication kann die Tinktur 10 Teile tingieren; jede Multiplikation verzehnfacht die Kraft der Tinktur;,N/A,N/A
g1a16,A16 Processus Praeparationis Salis Nitri Nostri e Terrae Virginea,CONCLUSIO,"Also habt Ihr nun den gantzen Process der warhafftigen
        Universal-Tinctur ohne einigen defect von Anfang biß zue Ende, gantz deutlich und treulich
        eröffnet, brauchts zum Lobe Gottes, zur Nutz Eures Nechsten und aller armen nothleidenden
        Menschen, auch Euch selber zue Euerer zeitlichen Wohlfahrt. Und was Ich forne in praefatione
        erinnert und gebeten habe, deßwegen vergeßet ja meiner nicht, sondern halttet Euch stehts
        darnach, und laßet dießes ja in keine unreine Hände kommen, meldet Mich auch hinfort gegen
        niemand. Der Allerhöchste und allein Weise Gott aber regiere Euch stehtiglich mit Seinem
        gutten Geist, daß Ihr alles wohl anfanget, glücklich mittelten und frelig vollenden möget. Dem
        ich Euch auch, und dieses hiermit hertzlich will befohlen haben. datum Vlißingen in Seeland
        den 14. May 1638. Alexander Sethonius Philosophus Anglicus",N/A,N/A,N/A,N/A,N/A,N/A,N/A,N/A,N/A,N/A,N/A,N/A,N/A,N/A,N/A,N/A,N/A,N/A,N/A,N/A,N/A,N/A,N/A,N/A,N/A,N/A,N/A,N/A,N/A,N/A
g3a21,A21 Ex ore D. Jac. Alst. Secretum Sedivojae,[Start of Document],,N/A,N/A,N/A,N/A,N/A,N/A,N/A,N/A,N/A,N/A,N/A,N/A,N/A,N/A,N/A,N/A,N/A,N/A,N/A,N/A,N/A,N/A,N/A,N/A,N/A,N/A,N/A,N/A,N/A,N/A
g3a21,A21 Ex ore D. Jac. Alst. Secretum Sedivojae,A21 Ex ore D. Jac. Alst. Secretum Sedivojae,"23 Ex ore D.
            Jac: Alst[einio]: Secretum Se[n]divojae                     [Recipe] Terram Universalem
        Arietis vel Tauri, eins Knies tieff unter dieselb Erd gegraben, darauß distillir ein Spiritus,
        u. extrahir das [CZ: Salz] mit [CZ: Wasser]r, evaporire, gjunge cum suo Spiritu, und laß sich
        an der Sonnen nieder schlagen, oder durch offt cohobiren mach deß Saltzes genug, auffs
        wenigste 7 mal cohobiret. Hujus Salis Nostri [Recipe] partes undecim, [CZ: Gold]lis parte 1,
        Luna partes duas: Laß fliessen inn geschlossenem tigel drei in ein and, oder gemacht daß nicht
        durch-    fliesse, 7 Monat im glaßofen, es evadet
        Sol vivus et semen purum, wird die Sphaera Saturni, das ist, das Sal terrae, und Luna sampt
        dem groben Leib Solis ferschwinden, und das Leben bleiben, Hoc solvati in 10 partibus roris
        nostri, decies vel qndecies (ut apud Imparticem R.) rectificati, damit es so clar und starck
        werde, daß diß Sol angreiff, dem gemeinem thuete nichts (Ego contrarium vidi apud Comitem
        Wilhelmum a Solms) Solutio Solis curat Lepram. Coque per 10 menses, et tinget una pars 864.
        Multiplica, solvendu unam tinctura in 10 menstrui roris, it deinde solvet [CZ: Luna] fixa
        quantum poterit; quo facto, iteru coque per 10 Menses. Hoc fac toties, quad crescesin virtute
        et quantitate in tantum, ut solutio denigus solvat [CZ: Gold] vulgarem, ita ut nec ad fundum
        cadat, sed in butyrum abeat subito. Tunc cito coagulari potest, ita ut tandem sit opus 3
        dierum. In defectu roris capiatur aer coagulatus. Laus Deo. Ex hoc processu intellige priolem.",Sendivogius; Jacob Allstein;,N/A,Sonne im Sternbild Widder; Sonne im Sternbild Stier;,N/A,N/A,knietief;,N/A,N/A,N/A,mit Wasser;,Abrauchen;,N/A,N/A,N/A,N/A,N/A,Nein;,Salz und Spiritus vereinigen; Spiritus wieder abziehen und wieder aufgiessen; 7 mal wiederholen; Resultat: Salz;,N/A,N/A,Verhältnis Salz : Gold : Silber = 11 : 1 : 2; im Tiegel 7 Monate schmelzen; Resultat: lebendiges Gold;,lebendiges Gold in 10 Teilen Tau auflösen; 10 Monate kochen;,N/A,N/A,N/A,N/A,N/A,Auflösung 1 Teil Tinktur in 10 Teilen Tau;,N/A,1 Teil tingiert 864 Teile;
g3a22,A22 Proceßus Universalis per Spiritum universi M. Sendivogy,[Start of Document],,N/A,N/A,N/A,N/A,N/A,N/A,N/A,N/A,N/A,N/A,N/A,N/A,N/A,N/A,N/A,N/A,N/A,N/A,N/A,N/A,N/A,N/A,N/A,N/A,N/A,N/A,N/A,N/A,N/A,N/A
g3a22,A22 Proceßus Universalis per Spiritum universi M. Sendivogy,A22 Proceßus Universalis per Spiritum universi M. Sendivogy,77,Sendivogius;,die Erde ist aller Sachen Samen;,N/A,N/A,N/A,N/A,N/A,N/A,N/A,N/A,N/A,N/A,N/A,N/A,N/A,N/A,N/A,N/A,N/A,N/A,N/A,N/A,N/A,N/A,N/A,N/A,N/A,N/A,N/A,N/A
g3a22,A22 Proceßus Universalis per Spiritum universi M. Sendivogy,"Proceßus Universalis per Spiritum universi, M. Sendivogy.","Es ist erstlich
        zuwißen, daß die Erde aller dinge Sähmen, wie auch derselben wirkung und zeugens in sich
        schleußt und begreiffet; den sie ist das Subjectum aller himlischen Straalen und einflüße, Sie
        wirt auch von den andern elementen und himmeln geschwengert, und ist das Centrum und
        fundamentum, wie auch die Mutter aller dinge, daraus alles gebohren wird. Den so sie nach
        gebuer gereiniget und sublimiret, als den unter freien himel gesetzet, wirt sie alßbaldt von
        himmlischer wirkungen und tugenden foecundieret und geschwängert, das sie von sich selbst
        allerlei Kreuterlein, Würmelein, Tierlein und Metallen für klein herfür bringen wirt: den in
        ihr ist groß geheimniß, und ist der Erstgeberne Geist der Natur in Ihr verborgen. So soll man
        wißen, daß in ihrem centro eine jungfräuliche Erde verborgen lieget, die soll man mit wasser
        und feuer von Ihrer Unsauberkeit reinigen, Ihre drei principia gereiniget wiederumb zu sammen
        fügen und damit philosophischer Weiße als folgen wirt procediren. In obgedachter Erden sein
        drey unterschiedliche Salia verborgen. Erstlich ein philosophisch Nitrum, so von der Erden
        durch der Sonnen, Mondeß und anderer Sterne stralen empfangen, den je mehr und hitziger die
        Sonnen und Sterne Stralen schießen, je mehr centralischer das [CZ: Salz] Nitri wirt, jedoch
        das solches von philosophischen und nicht gemeinen Nitro verstanden werde. Zum 2. ist der
        himmlische unsichtbahre Geist der Natur nemlich der Spiritus mundj in einem flüchtigen Saltze,
        in dieser Jungfräulichen Erd verborgen. Und letztlich ist in ihr ein fixes [CZ: Salz] als sein
        receptacul und corper den vorigen 2. Salum, von Gott eingepflanzet das also die drei salia in
        dieser Erde verborgen liegen, wie sie aber daraus zu bringen folget hernachen",N/A,N/A,N/A,N/A,N/A,N/A,N/A,N/A,N/A,N/A,N/A,N/A,N/A,N/A,N/A,N/A,N/A,N/A,N/A,N/A,N/A,N/A,N/A,N/A,N/A,N/A,N/A,N/A,N/A,N/A
g3a22,A22 Proceßus Universalis per Spiritum universi M. Sendivogy,"Sequitur
            Praxis.","[Recipe] der Erden, so
        von der Sonnen, des Mondes und anderer Sternen Straalen genugsahm geschwängert, und teile
        solche in zwei abgewogene teihl, und solches geschieht darumb, daß man der Natur wiederumb ihr
        gleich gewicht geben könne; Den auß einem teil wird das Philosophische Nitrum, auß dem andern
        teihl das flüchtige [CZ: Salz]. Item das fixe Salz und corpus gezogen, und durch diesen weg
        kann man also am gewichte, so man sonsten fleißig arbeitett, nicht leichtlich irren, welches
        sonsten, so man aus einem Theil alleine diese drey Salia ausziehen wollte, leichtlich
        geschehen könte,",N/A,N/A,früh morgens; bei Sonnenaufgang;,Wiese; Wiese mit Blumen; Wiese mit Kräutern;,"Erde durch Sonne, Mond und Sterne imprägniert; rote fette Erde;",etliche Karren;,Erde in 2 Teile teilen;,N/A,Erde ausbreiten; Nachts;,N/A,N/A,N/A,N/A,N/A,N/A,N/A,N/A,N/A,N/A,N/A,N/A,N/A,N/A,N/A,N/A,N/A,N/A,N/A,N/A,N/A
g3a22,A22 Proceßus Universalis per Spiritum universi M. Sendivogy,Per Perenthesin,"Ehe dan wir aber fortschreiten will ich
        erstlich den modum Impraegnationis terrae allhier melden. Den wiewohl alles erdreich hirzu
        tauglich ist, dennoch ist eins besser und bequemer als das ander. Wir Nehmen nun Rote fette
        Erden etliche Karren, den ein ziemlicher Vorath nötig ist die colligiren wir also. Wir gruben
        etwa ehlen tief in die erden: darnach Nahmen wir heraus große Molden voll, setzten sie Abends
        unter den freien Himmell da extrahierte sich ein grauelicht Saltz oben in superficie wie ein
        Meersaltz etwa Messer rückens dick, das nahmen wir ab und continuirten das aussetzen bey
        Nacht, ( in die non fiat quia [CZ: Gold] iterq ad se trahet) biß wir ein Saltzehte Erde mehr
        verspürten. Andernortlich gruben wir eine große Kühle in einer wiesen, wo sonsten schone
        Blümlein undt Kreuterlein pflegen zu wachsen, vermerket. 3. Ehlen lang und breit in 4drato
        mörgens ante [CZ: Sonne] ortum colligierten wir die salische Erde in superficie ebener maßen
        ab, biß wir gedachtes genug haben. sed ad rer.p",N/A,N/A,N/A,N/A,N/A,N/A,N/A,N/A,N/A,N/A,N/A,N/A,N/A,N/A,N/A,N/A,N/A,N/A,N/A,N/A,N/A,N/A,N/A,N/A,N/A,N/A,N/A,N/A,N/A,N/A
g3a22,A22 Proceßus Universalis per Spiritum universi M. Sendivogy,Erstlich de Nitro,"Die erste Arbeit wirt nicht
        anders, den durch Sieden, filtrieren, evaporiren und schießen alß die Salpeter macher sich
        gebrauchen, volebracht, Es sol und muß aber solches uffs höchste gereiniget werden, also das
        Nitrum uff seiner hochsten diapharnität erscheine, und gleichsam am glantz einer Christallen
        übertreffe. So das geschehen, so nimb seiner hinderstellig Erden laß diesselbe drey oder vier
        mahl erglüen, damit nichts flüchtiges mehr in Ihr sey, und zu einem teill Nitri nimm 3 teil
        seiner gecalcinierten Erden, alles woll untereinand gemenget, Setze solches in eine irdene
        verlutierte retorten, jedoch soll man auff ein mahl über 6 lb nicht einsetzen. Als nemblich 1
        ½ lb Nitri und 4 ½ lb terra calcinata, Solches soll man nach gebrauch, wie man sonsten mit dem
        [CZ: Scheidewasser] oder spiritu [CZ: Salpeter] pflegt, diestillieren. Zu den recipienten soll
        man 2 lb diestilliret Regenwasser vorschlagen, damit sich die spiritus so gantz roth herüber
        gehen, darein schlagen und niederschlagen, und muß der recipient woll, verlutiert sein, damit
        keine spiritus verrieche mögen So laß man alle Zeit, wan nur distillation verrichtet, den Ofen
        woll erkalten, den recipienten abgenommen und woll verwahret. Im fall der Retorta noch gantz
        mag man sie wiedrumb gebrauchen (neue calcinierte Erde und Nitrum genommen) und soll man alle
        destillationes zusammen thun Solcher destillationen muß man so viel thuen nach dem viel Nitri
        vorhanden. So alles geschehen thue die gesamleten Spiritus mit dem [CZ: Wasser] in eine Kolben
        cum Alembico lutato pone in baln. ad destillandum. Man soll aber zuvorhin die Vorlage mit 2 lb
        [CZ: Wasser] abmeßen, und dieselbe merken, das Waßer  78 wieder ausgießen damit man die am Anfang vorgeschlagene 2 lb [CZ: Wasser] wiederumb in
        baln. herüber ziehe, und man wissen könne, wen man zu destilliren aufhören soll. Wie woll sich
        die Spiritus von dem balneo nicht leicht erheben lassen, jedoch so geschieht solches umb
        besser Nachrichtung willen. Nimb hernach den Kolben mit dem Spiritus e balneo pone in arena
        cum alembico bene lutato, et da [CZ: Feuer]m per gradum, bis die spiritus alle herüber sein.
        Oportet ut figurae bene sint clausa, ne ruba spiritus evolent. Hoc facto frigeseat und verwar
        die spiritus in vitro clauso in loco frigido, und das glas soll nur halb voll sein, damit die
        spiritus circuliren können.",N/A,N/A,N/A,N/A,N/A,N/A,N/A,N/A,N/A,wie Salpetersieder;,Sieden; Salz wird gereinigt;,Nitro;,ausgelaugte Erde calcinieren; Erdsalz und calcinierte Erde vermischen; Verhältnis Erdsalz zu Erde 1:3; keine Kugeln; maximal 6 Pfund pro Ansatz; Mischung in Retorte geben; in Vorlage Wasser; 2 Pfund Wasser; destilliertes Regenwasser; Spiritus geht über; Spiritus rot; Spiritus rektifizieren; Spiritus kühl lagern;,N/A,aus frischer Erde; 6 Pfund Erde; aus Retorte destillieren; kein Wasser vorlegen;,N/A,N/A,N/A,N/A,N/A,N/A,N/A,N/A,N/A,N/A,N/A,N/A,N/A,N/A,N/A
g3a22,A22 Proceßus Universalis per Spiritum universi M. Sendivogy,2te Vom Sale volatili,"[Recipe] 6 lb terrae, in de retortae lutatae, procede
        destillando, ut ante in omnibus, ficati cum Nitro et terra calcinata factum, So wirt mit dem
        Spiritu ein flüchtiger Saltz in einem dunkelen dunste herüber gehen. Im fall sich am Halse
        etwan weißes vom flüchtigen Sale anhenkete, thue solches wan alles erkaltet, zu dem spiritu,
        und in diesem werke muß kein [CZ: Wasser] vorgeschlagen werden, den die Erde hat selbsten Ihre
        Feuchtigkeit, darin die spiritu sich schlagen können, bei sich solcher destillationen (muss so
        viel geschehen, biß das der ander theil der Erden aller verbraucht worden), und soll die
        hinterstellige Erde oder caput mortuum fleißig zur extraction des fixen Saltzes als folgen
        wirt, aufgehoben werden. Man nehme alsdan alle diese destillationes zusammen, thue sie in
        einen kolben cum Alembico lutato, laß erstlich das phlegma in balneo, darnach die spiritu in
        arena cum recipiente lutato herüber gehen, solche spiritus gehören zu diesem werke nicht,
        sollen bestendens aufgehoben werden, den sie zu anderen Sachen dienlich. Das caput mortuum so
        in fundo des kolbens nimb, thue es in ein klein kölbelein cum alembico lutato et sublima [CZ:
        Feuer] forti in arc[a]na. So wird sich das flüchtige Saltz im Helm herumb schne weiß an
        sublimiren, und am Boden wirt gar ein leichte Erde verbleiben, quam abyce. Das flüchtige und
        sublimierte [CZ: Salz] kann de novo sublimieret werden, ita ut nullae feces amplius
        sentiantur: hoc Sal custodi in vitro peculiari bene clauso, alias ab aere resolventen in
        auqam.",N/A,N/A,N/A,N/A,N/A,N/A,N/A,N/A,N/A,N/A,N/A,N/A,N/A,N/A,N/A,"bereits verwendete Erde calcinieren; Extraktion mit Wasser; destilliertes warmes Wasser; Extrakt reinigen; Reinigen mit mehrmaligem Lösen, Filtrieren, Koagulieren und Auskristallisieren;",N/A,N/A,N/A,N/A,N/A,N/A,N/A,N/A,N/A,N/A,N/A,N/A,N/A,N/A
g3a22,A22 Proceßus Universalis per Spiritum universi M. Sendivogy,Zum 3.ten. Vom Sale fixo,"Die hinderstellige Erden (cap.mort.) calcinir die in
        [CZ: Feuer] aperto zur Aschen, welches in 10 oder 12 Stunden in offenem [CZ: Feuer] geschieht.
        Hoc facto procedire damit mit [CZ: Wasser] pluviali destillata calida, alß so man sonst nur
        Lauge machet, so wirt mit dem [CZ: Wasser] das fixe [CZ: Salz] hindurch rinnen, procedir
        solange, biß das kein [CZ: Salz] mehr in der Erden gespüret wirt, und solche Erde wirt von den
        Philosophis terra maledicta genandt, quam abyce. Das [CZ: Wasser] cum sale filtra, evapora, et
        tunc habes Sal in fundo, hoc solve, filtra coagula aliquoties, donec Christallinum sit et
        perspicuum, et tunc etiam praeparatum est.",N/A,N/A,N/A,N/A,N/A,N/A,N/A,N/A,N/A,N/A,N/A,N/A,N/A,N/A,N/A,N/A,Nein;,N/A,"Sal Volatile, Sal Fixum und Spiritus zusammengeben;",N/A,N/A,N/A,N/A,N/A,N/A,N/A,N/A,N/A,N/A,N/A
g3a22,A22 Proceßus Universalis per Spiritum universi M. Sendivogy,Sequitur trium Salium conjunctio,"[Recipe] das fixe und volatilische [CZ: Salz]
        zusammen, gieß gemachsamb den spiritus nitri darüber, so werden sie sich einander annehmen und
        zu [CZ: Wasser] werden dieses [CZ: Wasser] ist der [CZ: Quecksilber] triumphans Philosophorum
        et menstruum Universale den mit diesem [CZ: Wasser] kan man alle Metalla und Edellgesteine
        aufschliessen, das es ein lauter feurig [CZ: Wasser] ist. Wie man in opere magno weiter damit
        procediren soll, sequitur. Und dieses ist daß die Edelgesteine zerfallen [CZ: Antimon], [CZ:
        Schwefel], [CZ: Arsen] sucunum, sei was es wolle Perlen Corallen uff den dieß wie eine Asche
        ohne [CZ: Feuer] nur ein Magnetstein [xx] hünereies groß zwischen den Stein und Solvirschalen
        gelegt. Sapienti Salis p.",N/A,N/A,N/A,N/A,N/A,N/A,N/A,N/A,N/A,N/A,N/A,N/A,N/A,N/A,N/A,N/A,N/A,N/A,N/A,Mercurius Triumphans Philosophorum; Menstruum Universale;,N/A,Qualität des Goldes; klein geschlagenes Gold; natürliches Gold; Verhältnis Gold : Menstruum Universale 1 : 10; Gold löst sich auf; Abfiltrieren; Goldlösung in Phiole überführen; Phiole hermetisch sigillieren;,N/A,N/A,N/A,N/A,N/A,N/A,N/A,N/A
g3a22,A22 Proceßus Universalis per Spiritum universi M. Sendivogy,Sequitur compositio operis universalis,"So man nun also das menstruum
        Philosophorum zugerichtet hatt Nemet man dessen 10 theil thuet sie in ein kleine Kolben darin
        thue 1 theil klein geschlagen Naturlich [CZ: Gold], So loset es dies [CZ: Wasser] bald auff,
        wen solches , so wirdt von dem Golde eine Terra zu Boden fallen, wen solches eine Nacht oder
        zwei gestanden so seihe man die solution allgemach durch ein klein trächterlein eine phiol,
        sigillieres Hermetice, setz das in den Athenar in die innerste Kugell.",N/A,N/A,N/A,N/A,N/A,N/A,N/A,N/A,N/A,N/A,N/A,N/A,N/A,N/A,N/A,N/A,N/A,N/A,N/A,N/A,N/A,N/A,N/A,N/A,N/A,N/A,N/A,N/A,N/A,N/A
g3a22,A22 Proceßus Universalis per Spiritum universi M. Sendivogy,Athenar.,"Daß sein in dem Athenar 3 Kugeln die Erste die gröste gantz: die ander oben auff gelöchert
        wie die [CZ: Feuer] pfannen, da man die Bett mit wärmet, damit der dampff des [CZ: Wassers]
        hindurch tringen müge, und die dritte ist die holtzerne eichene kügellein. In der inneren
        Kugell geschieht die putrefaction vaporischen [CZ: Feuer], und muß in der ersten Kugell
        allezeit [CZ: Wasser] sein, weil die putrefaction wehret im fall [CZ: Wasser] abgehen wollte,
        soll man anders warm darzu giessen, und wahret solcher gradus putrefactionis etwa 40 oder 45
        tage, in welchem gradu sich die Schwärtze erzeigen wirtt. So die putrefaction vorrüber, nehme
        man die höltzerne Kugell, desgleich das Wasser in der Ersten Kugell hinweg, den man bedarff
        hierfüro kein [CZ: Wasser] mehr; und thue in die ander gelöcherte Kugell Aschen und setze das
        glaß dar- 79 auff, mache das Athenar zu und laß die Lampen fortgehn, daß die Hitze sei, das
        mans mit einem finger erleiden möge, So werden sich innerhalb 40 oder 50 tagen mancherley
        farben erzeigen, und letztlich eine Grüne farbe allein. Nimb hernach das Glaß heraus, thue die
        gelöcherte Kugell mit der aschen hinweg und thue in die erste und größte Kugell Sandt, setze
        das glaß darauf, das der Sandt die materiam bedecke, mach den Athenar zu und gib [CZ: Feuer],
        daß mans mit einem finger nicht woll erleiden kann, so gibt’s ins 30 tagen eine Weiße. folg zu
        solchen gradu fort, biß sich die gelbe erzeiget, geschieht auch etwa in 30 tagen. Letztlich
        setz das Glas zu unterst gib so lange [CZ: Feuer] biß sich das pulver Roth erzeiget, und sich
        in der Mitten ein klein Rubin rotes Körnlein ungefehr ein Linsen groß befindet, daßelbe soll
        man in gute Achtung nehmen, dan es ist Semen auri, das Rothlechte pulver so umbher lieget, mag
        man hinweg thuen, den es zum Werk nicht dienlich, und das Körnlein allein behalten und damit
        procediren wie folgett.",N/A,N/A,N/A,N/A,N/A,N/A,N/A,N/A,N/A,N/A,N/A,N/A,N/A,N/A,N/A,N/A,N/A,N/A,N/A,N/A,N/A,N/A,3 Kugeln; 1. Kugel die größte; 2. Kugel voller Löcher; 3. Kugel Eichenholz;,gefüllte Phiole in Athanor; 1. Phiole in Wasserdampf; 1a. 40-45 Tage im Wasserdampf; 1b. im Wasserdampf Putrefaction; 2. Phiole in Aschebad; 2a: 40-50 Tage im Aschebad; 2b: im Aschebad Pfauenschwanz; nach Pfauenschwanz grün; 3. Phiole in halben Sandbad; 3a: Phiole schaut aus Sand heraus; 3b: 30 Tage im halben Sandbad; 3c: zuerst im halben Sandbad Weiß; 3d: weitere 30 Tage im halben Sandbad; 3e: im halben Sandbad jetzt Gelb; 4: Phiole komplett im Sandbad; 4a: Zeit unbestimmt; 4b: im kompletten Sandbad Rot; 4c: im kompletten Sandbad in der Mitte Rubinkorn; Rubinkorn ist Linsengroß; 4d: im kompletten Sandbad außen rotes Pulver; 5: rotes Rubinkorn entnehmen;,das lebendige Gold der Philosophen;,Secunda Compositio;,N/A,N/A,N/A,N/A
g3a22,A22 Proceßus Universalis per Spiritum universi M. Sendivogy,Folgett die ander Composition,"Das Rote Körnlein, welches der Philosophorum
        lebendiges [CZ: Gold] ist, wäge es genau ab, thu zehen mahl so viel oder schwer menstrus dazu
        thue alles in ein kleine phiol, den 23 lehr stehe sigilla und procedire Athanore, ut sequitur.
        Erstlich thue das glaß in Athanor in die eicherne Kugell, und procedire damit, ut in
        praecedente primo labore, gibt wieder nur Schwärtze exime, thu die Eicherne Kugell und das
        [CZ: Wasser] hinweg, setz das glaß in die gelöcherte Kugell in Asche, ut ante in primo Labore,
        Mach den Athenar zu, kommen auch allerley farben, letztlich die grüne farbe. Den thu die
        Gelöcherte Kugell weg und thue Sand in die Erste Kugell, procede ut supra, biß das pulver
        schön Roth undt durchsichtig wirdt: probir ein weinich auff einen glühenden Silberblech obs
        rauche und fließe, wie ein Wachs. Im fall das es rauchet muß mans zu unterst wieder in den
        Sand thuen, und besser figiren, biß es feuerbeständig werde.",N/A,N/A,N/A,N/A,N/A,N/A,N/A,N/A,N/A,N/A,N/A,N/A,N/A,N/A,N/A,N/A,N/A,N/A,N/A,N/A,N/A,N/A,N/A,N/A,N/A,N/A,auf glühendem Silberblech;,Verhältnis Rubinkorn : Menstruum Universale 1 : 10; in Phiole überführen; Phiole verschließen; im Athanor durch alle Farben; schnellere Wiederholung der ersten Operation; mehrfache Multiplikation; nach 1. Multiplication kann die Tinktur 10 Teile tingieren; jede Multiplikation verzehnfacht die Kraft der Tinktur;,N/A,N/A
g3a22,A22 Proceßus Universalis per Spiritum universi M. Sendivogy,MULTIPLICATIO,"[Recipe] ein theil des rohen Pulffers und zehn theil menstrui,
        thue das in eine kleine phiol, weil einander alsbald annehmen. Sigilla Hermetice, pone in
        Athanore. So wird sich in der Eichernen Kugelln in die drey tagen die Schwartze, hernach in
        drey tag in der gelöcherten Kugell in der Aschen allerley färben biß auff die Grüne sehen
        laßen, und letztlich in der ersten Kugell im Sande auch in drey tag die Rote. Man mag solches
        zum anderen mahl multiplizieren, alß zuvor hieroben geschrieben. Desgleichen zum dritten mahl
        und also fortan ad placetum.",N/A,N/A,N/A,N/A,N/A,N/A,N/A,N/A,N/A,N/A,N/A,N/A,N/A,N/A,N/A,N/A,N/A,N/A,N/A,N/A,N/A,N/A,N/A,N/A,N/A,N/A,N/A,N/A,N/A,N/A
g3a22,A22 Proceßus Universalis per Spiritum universi M. Sendivogy,FERMENTATIO,"So wird die erste multiplication fermentiret so man des Pulfers ein Theil uff zehn theil
        fein [CZ: Gold], so im fluß stehet wirfft, und wiederumb außgeust, welches den brüchig und
        klein zu pulffer gestoßen wirt, Alsden Ein teil des geflossenen [CZ: Gold] uff zehn [CZ:
        Mercurius]y vulgi, wens im Schmeltztiegell beim [CZ: Feuer] anfehet zu rauchen geworffen, so
        wirtt sich dasselbe alsbald in Gold verwandeln undt tingiren, und gehet in der ersten
        multiplication Ein theil auff zehen theil In der ander multiplication Ein theill auff 100
        theile In der vierten ein theil auf 10000 theile und so fort ohne Ende. Auch ist zu merken, das man die medicin oder das rothe Pulffer nicht alles auffs Gold
        werffe, sonder alle zeit etwas davon in vorrat behalte, damit man solches multipliciren könne.
        Man müsste sonsten das gantze Werck von Neuen wiederumb anfangen. Den so wan es auff das Goldt
        einmahl geworffen worden, so leßet es sich nicht mehr multipliciren. Quod nota et Deo gratias
        age.",N/A,N/A,N/A,N/A,N/A,N/A,N/A,N/A,N/A,N/A,N/A,N/A,N/A,N/A,N/A,N/A,N/A,N/A,N/A,N/A,N/A,N/A,N/A,N/A,N/A,N/A,N/A,N/A,multiplizierte Tinktur und Gold; Qualität des Goldes; fein; Verhältnis Tinktur : Gold = 1 : 10; Gold und Tinktur schmelzen; Gold wird brüchig; Gold zu Pulver stoßen;,fermentiertes Goldpulver und Quecksilber; 1 Teil fermentiertes Goldpulver und 10 Teile Quecksilber in Schmelztiegel; Resultat: Gold;
g3a25,A25 Wie aus dem primordialischen Chaos das hylealische Salz kan gefunden werden,[Start of Document],,N/A,N/A,N/A,N/A,N/A,N/A,N/A,N/A,N/A,N/A,N/A,N/A,N/A,N/A,N/A,N/A,N/A,N/A,N/A,N/A,N/A,N/A,N/A,N/A,N/A,N/A,N/A,N/A,N/A,N/A
g3a25,A25 Wie aus dem primordialischen Chaos das hylealische Salz kan gefunden werden,A25 Wie aus dem primordialischen Chaos das hylealische Salz kan gefunden werden,475,N/A,N/A,N/A,N/A,N/A,N/A,N/A,N/A,N/A,N/A,N/A,N/A,N/A,N/A,N/A,N/A,N/A,N/A,N/A,N/A,N/A,N/A,N/A,N/A,N/A,N/A,N/A,N/A,N/A,N/A
g3a25,A25 Wie aus dem primordialischen Chaos das hylealische Salz kan gefunden werden,Wie aus dem primordialischen Chaos das hylealische Salz kan gefunden werden.,"476         Wenn du im Frühjahr einen Ort weist, wo ein schöner schwarzer, fetter, lettiger Grund und
        rothe bolarische [CZ: Erde]e verhanden ist, etwa auf einer Wiesen, oder auf einem fruchtbaren
        Acker, dahin gehe bey der Sonnen Aufgang, mache dir eine Grube Knies tief, damit alles Gras
        und Wurzeln oben davon wegkommen. Von solcher Erde nimm zum wenigsten 24 Centner, laß solche
        also liegen 14 [CZ: Tag] [CZ: Nacht], wenn es helle und klar Wetter, und ist die beste Zeit im
        May; solte aber Regenwetter einfallen, muß es mit Bretern bedecket werden. Nach dieser Zeit,
        wenn die Erde wohl durchwittert ist, so laß solche nach Hause führen. Alsdenn gehe an die
        Arbeit der Weiber, und habe bey der Hand hölzerne Fässer, wie die Salpetersieder, unten in
        Fässern mit Stellhölzern beleget und mit Zapfen oder Schlauchen. Lege eine quantität so roh
        hinein, denn darauf die [CZ: Luft], giesse ein reines R. [CZ: Wasser] darauf so viel, daß die
        [CZ: Erde]e sich vollziehen kan. Alsdenn mache einen Kessel voll heisses Wasser, du kanst auch
        gleich zum Anfange heisses nehmen. Giesse so viel darauf, daß es über die Erde zu stehen komme
        querhand hoch, decke die Gefässe zu, und laß es also stehen ein [CZ: Tag] [CZ: Nacht], darnach
        mache das Zapfen-Loch unten auf, und laß das lautere in ein untergesetztes Geschirr abtriefen,
        auf solche Art verfahre mit aller [CZ: Erde]. Alsdenn thue solche Lauge in einen kupfernen
        Kessel, und bis zur Helfte eingesotten. Und wenn Crystallen anschiessen mögten, so setze den
        Kessel an 477  einen kalten Ort, so wird sich nach wenigen Tagen ein [CZ: Salz] auf dem Grunde setzen, wie
        ein [CZ: Salpeter], so aber nicht brennet, wie der gemeine. Dieses [CZ: Salz] nimm heraus, und
        laß die Lauge wieder die Helfte evaporiren, und setze es hin, so wird noch mehr von [CZ: Salz]
        anschiessen, und dieses continuire, bis kein [CZ: Salz] mehr anschiesset, das [CZ: Salz]
        reinige durch solviren, filtriren, coaguliren und crystallisiren, so lange mit Thau oder
        Regenwasser, bis es ganz crystallinisch und durchsichtig wird: so hast du in Händen das wahre
        [CZ: Salpeter], welches im Meere der Welt schwebet, und gefunden wird, ein [CZ: Wasser] das
        die Hände nicht netzet, ohne welches [CZ: Salz] nichts in der Welt kan gebohren werden. Nun
        nimm von diesem edlen [CZ: Salz] lb 1 reibe es in einem gläsernen Mörser klein, mische
        darunter von seiner eigenen [CZ: Erde]e, welche du zuvor wohl ausgeglüet hast, feuchte es an
        mit Regenwasser, und mache Kugeln daraus, und trockne sie an der Sonne. Man kan auch die [CZ:
        Luft], unter welche das [CZ: Salz] gemischet ist, an die Sonne setzen, und solche [CZ:
        Salz]-Erde mit Thau oder Regenwasser einen ganzen Monat lang imbibiren, damit der Spir.
        Mercurii sich darinne vermehre, alsdenn Kugeln daraus gemacht. Mit solchen Kugeln fülle eine
        Retorte, welche wohl beschlagen, die Helfte an, lege solche in einen Ofen, und lutire eine
        grosse Vorlage vor, in welcher du Regenwasser wenigstens lb 2 vorgeschlagen hast; distillire
        also einen Spir. und [CZ: Salz] herüber, und verfahre also mit dem übrigen, bis du alles [CZ:
        Salz] und [CZ: Spiritus]um übergetrieben und heraus geschieden hast; denn giesse deinen [CZ:
        Spiritus]um mit dem [CZ: Salz] in einen Kolben, und destillire in B.M. das 478 Phlegma darvon, hernach setze den Kolben in eine [CZ: Sand] Capelle und distillire den
        Spiritum aufs neue herüber; diesen behalte apart, welcher zwar etliche mal muß abstrahiret
        werden. Denn giebet man starkes Feuer, so sublimiret sich auch das Salz in den Helm, und muß
        so lange aufsublimirt werden, bis es keine feces mehr im Kolben zurück lässet, und denn wohl
        verwahret aufbehalten werden. Anjetzo nimm das Cap. mort. und extrahire daraus mit
        distillirtem Regen-Wasser ein Salz. Dieses reinige durch Solviren und Coaguliren, bis es schön
        rein, wie ein durchsichtig [CZ: Salpeter] ist. Denn bringe alle diese zwey den Spiritum und
        das Sal zusammen, thue es in eine Phiole wohl verwahret, setze solches in eine dämpfende
        Digestion, bis alles zu einem Wasser worden. Also hast du in deinen Händen einen wahrhaftigen
        Liquorem universalem, mit solchem das [CZ: Gold] potabile zu machen und eine mächtige Tinctur
        zu bereiten, wie du, mein Sohn, in der Nacharbeit solst berichtet werden.",N/A,N/A,Frühjahr; bei Sonnenaufgang;,Wiese; fruchtbarer Acker;,fette schwarze Erde; rote Erde; lehmig; bolarisch;,knietief; ohne Gras; ohne Wurzeln; 24 Zentner;,N/A,N/A,Erde ausbreiten; 14 Tage; bei Regen abdecken; im Mai;,Holzfass; wie Salpetersieder; Fass mit Stellhölzern; Fass mit Zapflöchern; mit Wasser; 24 Stunden stehen lassen;,Kupferkessel; Sieden; Eindampfen bis 50 Prozent; Nach Einsieden stehen lassen; Salz kristallisiert aus; Salz wird gereinigt;,"Wasser, dass die Hände nicht netzt; das wahre Salpeter;",ausgelaugte Erde calcinieren; Erdsalz und calcinierte Erde vermischen; mit etwas Regenwasser; Kugeln herstellen; Kugeln an Luft imprägnieren lassen; 4 Wochen imprägnieren; Mischung in Retorte geben; Retorte zu 50 Prozent gefüllt; in Vorlage Wasser; 2 Pfund Wasser; Regenwasser; Spiritus geht über; Sal volatile geht über; Spiritus und Sal volatile vermischen;,Spiritus und Sal volatile in Retorte; 1. Retorte in Wasserbad; im Wasserbad Phlegma abtrennen; 2. Retorte in Sandbad; 2.1. Spiritus abdestillieren; 2.2. Sal Volatile übersublimieren;,N/A,"bereits verwendete Erde; Extraktion mit Wasser; destilliertes Regenwasser; Extrakt reinigen; Reinigen mit mehrmaligem Lösen, Filtrieren, Koagulieren und Auskristallisieren;",Nein;,Salz und Spiritus vereinigen; Digestion in Phiole;,N/A,Liquorem Universale;,N/A,N/A,N/A,N/A,N/A,N/A,N/A,N/A,N/A,N/A
g3a25,A25 Wie aus dem primordialischen Chaos das hylealische Salz kan gefunden werden,Nach-Arbeit,"Nun nimm deines Liquoris universalis Unze 4 und von einem reinen [CZ: Gold] in folia
        gebrachte Unze 1 bringe es mit einander in eine Phiole, setze solche in gelinde Digestion; so
        wird sich das Gold von Stund an solviren, und wirft eine graue [CZ: Erde] zu Boden; diese [CZ:
        Erde] separire von dem klaren Liquore, nemlich, daß du solchen in eine andere Phiole giessest.
        Die [CZ: Erde] so zurücke bleibet, kanst du weder durch Kunst noch durch 479  Mittel wieder in ein Metall bringen. Die Phiole sigillire hermetice, und setze sie auf
        unsern philosophischen Ofen, und gieb, wie bekant, ein gelindes Dampf-Feuer oder Lampen-Feuer
        40 [CZ: Tag] [CZ: Nacht]; denn ein trockenes Feuer bringt die Materie in der Nach-Arbeit nicht
        in die putrefaction, welches du wohl merken mußt: so wird erscheinen die Schwärze; alsdenn
        verändere das Dampfbad, und setze die Phiole in die Asche, doch so, daß das Glas oben in der
        Fläche nicht bedecket sey. Gieb ihm ein wenig stärker Feuer, daß das Glas so warm stehe, als
        die Sonne in Sommer am heissesten scheint: so werden nach 40. Tag und Nacht erscheinen die
        allerschönsten Farben, welche die Philosophi den PfauenSchwanz genennet haben. Hernach
        verstärke das Feuer, doch daß es nicht glüe, so wird noch 40 [CZ: Tag] [CZ: Nacht] die Tinctur
        schneeweiß, welche Farbe von Ihnen genennet wird der Mondschein oder die Diana; denn bedecke
        das Glas mit oder in der Asche, und gieb den vierten Grad des Feuers, so wird nach 30 bis 40
        [CZ: Tag] [CZ: Nacht] die Tinctur ganz röthlicht, und wenn sie also stehet 50 [CZ: Tag] [CZ:
        Nacht], so wird sie blutroth, und begiebt sich in der Mitte zusammen zu einem Rubin-rothen
        glänzenden Steine, und wirft viele feces demnach von sich auf die Seiten aus. Sie sind zwar
        auch roth, aber sie schicken sich nicht zur Tinctur, werden aber davon als grosse medicin
        separiret; aber das andere ist die Quint-Essenz. Diese kan nun durch öftere Imbibition und
        Coagulation augmentiret werden, wie ich dir solches mit allen Umständen gelehret habe.    480 Aber laß dir genug seyn, wenn du den grossen
        GOtt zum Freunde hast; freue dich denselben, und betrachte die Natur, wozu ich dir von Herzen
        vielen Segen wünsche. Sey verschwiegen und halte dieses verborgen, auf daß du nicht damit,
        zusamt der geheimen Wissenschaft, in Gefahr kommest, und dadurch den ewigen Fluch auf dich
        ladest. Fürchte GOtt, und lebe wohl bis an dein seliges Ende. Soli DEO Gloria, Laus et
        Honor fit in omnia secula. Amen.",N/A,N/A,N/A,N/A,N/A,N/A,N/A,N/A,N/A,N/A,N/A,N/A,N/A,N/A,N/A,N/A,N/A,N/A,N/A,N/A,N/A,Qualität des Goldes; klein geschlagenes Gold; reines Gold; Verhältnis Gold : Menstruum Universale 1 : 4; Gold und Menstruum Universale in Phiole; Digestion; Gold löst sich auf; Abgießen; Goldlösung in Phiole überführen; Phiole hermetisch sigillieren;,N/A,gefüllte Phiole in Athanor; 1. Phiole in Wasserdampf; 1a. 40 Tage im Wasserdampf; 1b. im Wasserdampf Putrefaction; 2. Phiole in Aschebad; 2a: 40 Tage im Aschebad; 2b: im Aschebad Pfauenschwanz; 2c: weitere 40 Tage im Aschebad: Weiß; 2d: weitere 30-40 Tage im Aschebad: rötlich; 2e: nach 50 Tagen im Aschebad: Blutrot mit Rubinkorn;,Quintessenz;,N/A,N/A,N/A,N/A,N/A
g3a26,A26 Von der fetten Erde auf Adeptis,[Start of Document],A26 Von der fetten Erde auf Adeptis,N/A,N/A,N/A,N/A,N/A,N/A,N/A,N/A,N/A,N/A,N/A,N/A,N/A,N/A,N/A,N/A,N/A,N/A,N/A,N/A,N/A,N/A,N/A,N/A,N/A,N/A,N/A,N/A,N/A,N/A
g3a26,A26 Von der fetten Erde auf Adeptis,Von der fetten Erdte auf Adeptis.,"Wie alle gelben Erden, welche fett und schmierig
        eine solarische Milch in sich haben, mit welcher man Wunder thun kan; diese Erde kan man nicht
        mehr als einmahl im Jahr bekommen, und muß man die Constillation der Planeten wohl verstehen,
        sonsten fehlet man, denn auf den gemeinen Calender kan man sich hirinne nicht richten, die
        rechte Zeit aber ist diese, wenn der Bruch am Himmel in den Bergstädten geschiehet, welches
        alle Jahr mitten im Junij geschiehet, gleich in vollen Mond, denn zur selbigen Zeit gehet die
        Sonne in Krebs, da überziehet sich diese Erdte, und wird wie ein pures [CZ: Gold] p. Zu
        Freyberg in Meißen, dergleichen in Annaberg, aufs Clausthal unter den Silbergängen, siehet es
        vor der Zeit Braun aus, wenn aber die eine Witterung geschiehet, so siehet sie wie pures [CZ:
        Gold], währet aber nicht länger als 3 biß 4 Stunden. Von dieser Erden füllet man etl. Väßlein,
        und Vermacht solche wohl, biß man sie an Orth und Stelle hat, denn in dieser ist der rechte
        [CZ: Spiritus] Universalis; Von dieser Erdte fülle eine Redorte die Helffte voll, und lege
        solche in eine Sandkapelle, und eine große Vorlage vor, fange in Anfange langsam an zu
        distilliren, so gehet ein Spiritus über mit vielen Farben, wenn nun alles herüber, so
        extrahire sein [CZ: Salz] aus den zurück gebliebenen Cap. Mortuo, wenn alles extrahiret so
        filterire und evaporire biß auf die Helffte, setze es in Keller, so schießen Christallen;
        dieses Menstrum schlieset alles auf, und bringet solches in prima Materia, In diesen zergehet
        das [CZ: Gold] wie Eyß in [CZ: Wasser], und läßt eine weiße Terra fallen; die Solution siehet
        wie Bluth so roth aus, seige das Weiße ab in ein ander Glaß, der Kalck so zurück geblieben
        schmeckt wie Kreide, und ist zu nichts nutze. dein Menstrum ziehe in einer Redorte über, biß
        auf ein dickes Öhl, das Menstrum ist noch Jungfrau; Nim das [CZ: Öl]              1 theil, mache aus den [CZ: Schwefel]
        auch ein [CZ: Öl] auf diese Arth, und nim von diesen 3 theil, und setze sie zusammen, und
        schließe sie in eine Phiole, und laß sie durch die Farben gehen, welches unaussprechlich
        anzusehen, wenn sie nun miteinander eincoagulirt; mit den Gold [CZ: Öl], und mit den [CZ:
        Schwefel] [CZ: Öl] kan man es augmentiren, dieses ist eine nöthige Tinctur auf den [CZ:
        Quecksilber] in [CZ: Gold] ; Ferner wenn dieser Liquor auf ein zart geriebenes gülden Ertz
        gegoßen wird, daß Er 3 quer Finger hoch drüber gehe den Kolben mit einen blinden Helm
        verschloßen in gelinde Wärme gesezt, so fängt das Ertz an darinne zu wachsten, welches
        wunderwürdig anzusehen ist, und es giebt sich oben ein dickes fettes Blutrothes [CZ: Öl];
        dieses kan man alle 4 Wochen abnehmen, und in ein phliosophisch. Ey verschließen mit einer
        Lauge digeriren, wie die 4 Wochen um seyn, das dicke fette Öhl wieder abgenommen, und wieder
        zu den in das philossoph. Ey gethan, also kan man diesen in infinitum augmentiren, den man kan
        alle Monathe ein ziemliches abnehmen; Das ist zu beobachten, daß man alle viertel Jahr etwas
        von den Menstruo oben in das Glaß gießet, so bekomt man ein ewiges Bergwerck den man kan mit
        dem [CZ: Öl] seinen Stein augmentiren p.",Stadtschreiber Hertel;,N/A,Juni; Sonne im Sternbild Krebs; Vollmond;,N/A,fette Erde; gelbe Erde;,N/A,N/A,Freiberg; Annaberg; Clausthal;,N/A,mit Wasser;,Eindampfen bis 50 Prozent; Nach Einsieden stehen lassen; Salz kristallisiert aus;,N/A,N/A,N/A,N/A,N/A,Nein;,N/A,N/A,Spiritus Universalis;,N/A,Gold löst sich auf; Abgießen;,N/A,N/A,N/A,N/A,N/A,N/A,N/A,N/A
